score,steps
1,66
2,159
3,183
4,237
5,314
6,374
7,403
8,439
9,482
10,490
11,509
12,570
13,639
14,674
15,727
16,791
17,793
18,859
19,908
20,941
21,984
22,1010
23,1076
24,1086
25,1156
26,1192
27,1255
28,1307
29,1336
30,1389
31,1432
32,1462
33,1512
34,1552
35,1584
36,1603
37,1660
38,1665
39,1687
40,1712
41,1741
42,1765
43,1772
44,1814
45,1837
46,1881
47,1931
48,1951
49,1969
50,2013
51,2030
52,2068
53,2083
54,2118
55,2150
56,2190
57,2196
58,2200
59,2204
60,2212
61,2248
62,2277
63,2311
64,2327
65,2339
66,2352
67,2364
68,2393
69,2416
70,2437
71,2462
72,2488
73,2497
74,2498
75,2507
76,2510
77,2516
78,2535
79,2551
80,2565
81,2568
82,2579
83,2589
84,2598
85,2603
86,2605
87,2607
88,2612
89,2618
90,2619
91,2620
92,2625
93,2627
94,2630
95,2632
96,2634
97,2635
1,66
2,92
3,182
4,218
5,219
6,231
7,304
8,322
9,401
10,458
11,484
12,565
13,622
14,635
15,685
16,745
17,769
18,810
19,874
20,926
21,970
22,1040
23,1059
24,1101
25,1171
26,1224
27,1292
28,1348
29,1372
30,1406
31,1437
32,1460
33,1515
34,1521
35,1564
36,1565
37,1620
38,1678
39,1710
40,1730
41,1757
42,1782
43,1826
44,1855
45,1904
46,1948
47,1978
48,1995
49,2004
50,2020
51,2066
52,2073
53,2110
54,2149
55,2175
56,2207
57,2239
58,2259
59,2264
60,2282
61,2291
62,2325
63,2343
64,2376
65,2381
66,2403
67,2411
68,2440
69,2441
70,2461
71,2487
72,2506
73,2508
74,2514
75,2529
76,2531
77,2544
78,2560
79,2575
80,2583
81,2587
82,2603
83,2604
84,2611
85,2620
86,2630
87,2635
88,2637
89,2646
90,2654
91,2661
92,2666
93,2671
94,2673
95,2674
96,2676
97,2677
1,45
2,136
3,197
4,266
5,320
6,359
7,368
8,410
9,411
10,420
11,467
12,475
13,509
14,517
15,520
16,538
17,548
18,626
19,662
20,693
21,709
22,779
23,835
24,854
25,870
26,908
27,911
28,973
29,995
30,1062
31,1088
32,1089
33,1100
34,1119
35,1177
36,1198
37,1226
38,1277
39,1300
40,1351
41,1375
42,1400
43,1430
44,1442
45,1443
46,1489
47,1538
48,1562
49,1589
50,1616
51,1633
52,1662
53,1696
54,1736
55,1751
56,1782
57,1815
58,1845
59,1869
60,1906
61,1920
62,1945
63,1980
64,2000
65,2025
66,2051
67,2079
68,2096
69,2125
70,2139
71,2148
72,2167
73,2178
74,2184
75,2197
76,2210
77,2215
78,2219
79,2221
80,2239
81,2241
82,2248
83,2255
84,2266
85,2268
86,2273
87,2280
88,2283
89,2292
90,2297
91,2303
92,2305
93,2307
94,2309
95,2312
96,2313
97,2314
1,55
2,92
3,163
4,182
5,250
6,332
7,334
8,390
9,468
10,524
11,599
12,620
13,669
14,736
15,792
16,843
17,922
18,968
19,976
20,1028
21,1040
22,1113
23,1184
24,1246
25,1255
26,1296
27,1356
28,1371
29,1418
30,1464
31,1520
32,1584
33,1601
34,1660
35,1684
36,1691
37,1733
38,1759
39,1817
40,1865
41,1885
42,1939
43,1974
44,2008
45,2042
46,2064
47,2092
48,2136
49,2177
50,2181
51,2204
52,2234
53,2245
54,2274
55,2310
56,2341
57,2356
58,2377
59,2378
60,2380
61,2397
62,2403
63,2428
64,2452
65,2470
66,2480
67,2507
68,2523
69,2545
70,2550
71,2567
72,2587
73,2594
74,2599
75,2616
76,2619
77,2634
78,2641
79,2646
80,2658
81,2661
82,2666
83,2673
84,2686
85,2698
86,2703
87,2713
88,2715
89,2717
90,2720
91,2727
92,2728
93,2733
94,2737
95,2739
96,2741
97,2742
1,64
2,69
3,101
4,133
5,185
6,220
7,262
8,298
9,364
10,404
11,439
12,521
13,569
14,632
15,636
16,683
17,691
18,718
19,748
20,802
21,848
22,885
23,947
24,954
25,966
26,1030
27,1039
28,1106
29,1142
30,1177
31,1200
32,1239
33,1245
34,1272
35,1334
36,1390
37,1412
38,1434
39,1462
40,1481
41,1533
42,1554
43,1567
44,1609
45,1648
46,1692
47,1711
48,1730
49,1750
50,1782
51,1785
52,1816
53,1821
54,1822
55,1856
56,1872
57,1893
58,1895
59,1904
60,1936
61,1953
62,1956
63,1963
64,1976
65,1978
66,1985
67,2008
68,2036
69,2057
70,2065
71,2078
72,2095
73,2119
74,2125
75,2131
76,2146
77,2153
78,2159
79,2172
80,2176
81,2179
82,2181
83,2183
84,2192
85,2201
86,2202
87,2205
88,2208
89,2215
90,2221
91,2224
92,2229
93,2234
94,2237
95,2239
96,2240
97,2241
1,11
2,71
3,130
4,146
5,197
6,267
7,334
8,376
9,389
10,452
11,516
12,528
13,580
14,651
15,734
16,798
17,820
18,892
19,956
20,979
21,994
22,998
23,1060
24,1091
25,1152
26,1182
27,1194
28,1227
29,1256
30,1279
31,1342
32,1345
33,1386
34,1421
35,1442
36,1481
37,1529
38,1537
39,1580
40,1606
41,1608
42,1663
43,1672
44,1709
45,1723
46,1769
47,1793
48,1812
49,1814
50,1837
51,1842
52,1870
53,1909
54,1927
55,1933
56,1967
57,1996
58,2014
59,2032
60,2060
61,2097
62,2117
63,2141
64,2167
65,2196
66,2227
67,2254
68,2281
69,2303
70,2316
71,2319
72,2345
73,2368
74,2377
75,2396
76,2413
77,2419
78,2423
79,2438
80,2439
81,2441
82,2449
83,2461
84,2464
85,2466
86,2472
87,2474
88,2480
89,2482
90,2487
91,2492
92,2494
93,2499
94,2500
95,2502
96,2504
97,2505
1,57
2,70
3,153
4,242
5,283
6,303
7,376
8,398
9,440
10,453
11,471
12,543
13,546
14,566
15,611
16,648
17,724
18,738
19,755
20,818
21,873
22,928
23,935
24,1009
25,1078
26,1115
27,1170
28,1193
29,1207
30,1249
31,1292
32,1327
33,1347
34,1363
35,1385
36,1397
37,1446
38,1473
39,1531
40,1546
41,1566
42,1581
43,1587
44,1623
45,1655
46,1695
47,1742
48,1764
49,1800
50,1826
51,1863
52,1900
53,1943
54,1975
55,2004
56,2029
57,2066
58,2092
59,2128
60,2132
61,2163
62,2180
63,2184
64,2212
65,2235
66,2236
67,2244
68,2257
69,2282
70,2295
71,2320
72,2323
73,2338
74,2349
75,2356
76,2363
77,2375
78,2379
79,2390
80,2391
81,2400
82,2411
83,2414
84,2421
85,2423
86,2433
87,2435
88,2438
89,2443
90,2445
91,2449
92,2454
93,2459
94,2460
95,2462
96,2463
97,2464
1,30
2,99
3,150
4,222
5,309
6,361
7,452
8,501
9,519
10,551
11,585
12,589
13,637
14,655
15,688
16,755
17,832
18,846
19,876
20,898
21,930
22,988
23,1035
24,1053
25,1117
26,1119
27,1182
28,1249
29,1280
30,1337
31,1363
32,1418
33,1459
34,1461
35,1467
36,1499
37,1534
38,1576
39,1629
40,1650
41,1666
42,1712
43,1752
44,1781
45,1800
46,1852
47,1867
48,1914
49,1949
50,1967
51,1983
52,2013
53,2019
54,2048
55,2075
56,2080
57,2099
58,2100
59,2126
60,2150
61,2175
62,2182
63,2199
64,2213
65,2229
66,2235
67,2251
68,2255
69,2276
70,2288
71,2292
72,2307
73,2331
74,2339
75,2361
76,2379
77,2380
78,2393
79,2399
80,2412
81,2419
82,2426
83,2432
84,2435
85,2437
86,2445
87,2452
88,2454
89,2457
90,2465
91,2471
92,2475
93,2479
94,2483
95,2486
96,2488
97,2489
1,18
2,97
3,190
4,249
5,273
6,320
7,368
8,371
9,448
10,499
11,550
12,594
13,605
14,667
15,698
16,719
17,729
18,767
19,779
20,801
21,831
22,894
23,964
24,1013
25,1039
26,1063
27,1079
28,1144
29,1175
30,1235
31,1259
32,1301
33,1352
34,1385
35,1442
36,1449
37,1482
38,1511
39,1553
40,1564
41,1613
42,1617
43,1661
44,1706
45,1724
46,1728
47,1747
48,1752
49,1785
50,1830
51,1839
52,1858
53,1890
54,1897
55,1899
56,1937
57,1971
58,1981
59,2019
60,2055
61,2071
62,2095
63,2121
64,2150
65,2155
66,2163
67,2173
68,2195
69,2203
70,2213
71,2231
72,2243
73,2267
74,2283
75,2306
76,2312
77,2320
78,2325
79,2337
80,2340
81,2348
82,2349
83,2362
84,2366
85,2379
86,2389
87,2397
88,2407
89,2409
90,2410
91,2411
92,2414
93,2418
94,2420
95,2421
96,2423
97,2424
1,89
2,101
3,121
4,155
5,233
6,250
7,298
8,299
9,332
10,382
11,389
12,410
13,418
14,444
15,521
16,574
17,634
18,710
19,732
20,767
21,844
22,881
23,945
24,987
25,1059
26,1111
27,1114
28,1121
29,1164
30,1197
31,1205
32,1252
33,1312
34,1324
35,1352
36,1378
37,1381
38,1402
39,1461
40,1518
41,1556
42,1566
43,1571
44,1574
45,1616
46,1667
47,1715
48,1735
49,1749
50,1762
51,1784
52,1822
53,1835
54,1879
55,1896
56,1901
57,1917
58,1924
59,1959
60,1986
61,2018
62,2041
63,2066
64,2075
65,2084
66,2114
67,2145
68,2152
69,2171
70,2193
71,2201
72,2212
73,2231
74,2252
75,2258
76,2268
77,2269
78,2285
79,2299
80,2314
81,2317
82,2331
83,2345
84,2357
85,2370
86,2378
87,2381
88,2389
89,2393
90,2396
91,2402
92,2407
93,2409
94,2412
95,2413
96,2415
97,2416
1,97
2,109
3,194
4,262
5,279
6,308
7,370
8,384
9,392
10,468
11,528
12,594
13,613
14,639
15,672
16,749
17,828
18,905
19,939
20,959
21,998
22,1053
23,1096
24,1100
25,1131
26,1180
27,1249
28,1293
29,1359
30,1400
31,1426
32,1475
33,1477
34,1515
35,1532
36,1558
37,1563
38,1576
39,1609
40,1625
41,1642
42,1688
43,1708
44,1743
45,1745
46,1750
47,1769
48,1773
49,1782
50,1813
51,1836
52,1844
53,1864
54,1905
55,1937
56,1976
57,1993
58,2033
59,2049
60,2056
61,2069
62,2091
63,2096
64,2104
65,2112
66,2127
67,2154
68,2158
69,2185
70,2192
71,2194
72,2196
73,2200
74,2207
75,2217
76,2229
77,2235
78,2236
79,2243
80,2245
81,2259
82,2263
83,2274
84,2288
85,2291
86,2302
87,2311
88,2315
89,2319
90,2325
91,2326
92,2329
93,2333
94,2335
95,2337
96,2338
97,2339
1,41
2,51
3,142
4,224
5,269
6,295
7,327
8,350
9,379
10,391
11,451
12,478
13,535
14,592
15,637
16,656
17,721
18,761
19,769
20,773
21,844
22,910
23,966
24,1019
25,1084
26,1113
27,1116
28,1140
29,1163
30,1212
31,1225
32,1236
33,1243
34,1253
35,1316
36,1360
37,1396
38,1402
39,1418
40,1442
41,1460
42,1474
43,1502
44,1543
45,1584
46,1604
47,1606
48,1648
49,1691
50,1698
51,1710
52,1745
53,1751
54,1782
55,1815
56,1840
57,1862
58,1869
59,1891
60,1925
61,1952
62,1970
63,2000
64,2010
65,2030
66,2047
67,2077
68,2084
69,2086
70,2096
71,2117
72,2143
73,2159
74,2166
75,2185
76,2204
77,2215
78,2231
79,2249
80,2261
81,2277
82,2281
83,2284
84,2288
85,2290
86,2302
87,2308
88,2316
89,2320
90,2323
91,2324
92,2326
93,2331
94,2332
95,2333
96,2334
97,2335
1,3
2,42
3,67
4,122
5,199
6,243
7,315
8,396
9,481
10,527
11,599
12,603
13,669
14,750
15,800
16,881
17,915
18,941
19,1012
20,1032
21,1055
22,1119
23,1168
24,1188
25,1251
26,1297
27,1335
28,1346
29,1412
30,1443
31,1464
32,1508
33,1560
34,1576
35,1577
36,1637
37,1671
38,1712
39,1733
40,1779
41,1831
42,1856
43,1879
44,1889
45,1901
46,1935
47,1963
48,1999
49,2019
50,2030
51,2036
52,2072
53,2098
54,2099
55,2131
56,2158
57,2176
58,2201
59,2239
60,2244
61,2270
62,2282
63,2306
64,2321
65,2332
66,2348
67,2374
68,2381
69,2395
70,2404
71,2406
72,2416
73,2439
74,2461
75,2477
76,2491
77,2509
78,2522
79,2523
80,2540
81,2544
82,2553
83,2559
84,2561
85,2570
86,2579
87,2586
88,2596
89,2603
90,2610
91,2617
92,2619
93,2621
94,2622
95,2623
96,2624
97,2625
1,62
2,116
3,183
4,204
5,230
6,249
7,304
8,355
9,388
10,407
11,455
12,530
13,582
14,620
15,665
16,701
17,759
18,815
19,845
20,895
21,939
22,959
23,1021
24,1022
25,1086
26,1113
27,1161
28,1164
29,1190
30,1229
31,1247
32,1298
33,1361
34,1366
35,1373
36,1407
37,1422
38,1458
39,1501
40,1505
41,1544
42,1579
43,1622
44,1671
45,1689
46,1711
47,1743
48,1748
49,1773
50,1808
51,1815
52,1857
53,1862
54,1884
55,1910
56,1937
57,1970
58,2002
59,2035
60,2063
61,2078
62,2103
63,2137
64,2159
65,2172
66,2184
67,2210
68,2233
69,2240
70,2255
71,2272
72,2280
73,2292
74,2298
75,2310
76,2320
77,2324
78,2326
79,2343
80,2351
81,2361
82,2365
83,2373
84,2382
85,2386
86,2398
87,2409
88,2419
89,2422
90,2426
91,2431
92,2432
93,2435
94,2437
95,2439
96,2441
97,2442
1,17
2,67
3,107
4,115
5,186
6,222
7,272
8,317
9,368
10,442
11,476
12,494
13,545
14,590
15,620
16,670
17,682
18,715
19,744
20,780
21,855
22,908
23,932
24,972
25,984
26,1012
27,1019
28,1040
29,1090
30,1146
31,1152
32,1178
33,1238
34,1272
35,1273
36,1316
37,1373
38,1405
39,1439
40,1445
41,1490
42,1521
43,1539
44,1568
45,1574
46,1585
47,1601
48,1624
49,1626
50,1627
51,1633
52,1638
53,1677
54,1688
55,1700
56,1715
57,1741
58,1779
59,1790
60,1791
61,1802
62,1806
63,1839
64,1867
65,1872
66,1904
67,1920
68,1947
69,1952
70,1976
71,1977
72,1983
73,1999
74,2002
75,2014
76,2027
77,2047
78,2054
79,2061
80,2075
81,2078
82,2084
83,2098
84,2101
85,2109
86,2117
87,2120
88,2121
89,2125
90,2128
91,2131
92,2134
93,2136
94,2139
95,2140
96,2141
97,2142
2,11
3,48
4,64
5,135
6,200
7,266
8,297
9,370
10,453
11,477
12,533
13,569
14,636
15,673
16,739
17,759
18,797
19,817
20,847
21,883
22,887
23,916
24,944
25,945
26,951
27,965
28,1028
29,1046
30,1102
31,1155
32,1208
33,1229
34,1251
35,1302
36,1348
37,1387
38,1390
39,1408
40,1425
41,1473
42,1492
43,1510
44,1556
45,1583
46,1593
47,1622
48,1637
49,1670
50,1679
51,1694
52,1726
53,1757
54,1789
55,1818
56,1847
57,1858
58,1869
59,1875
60,1908
61,1912
62,1916
63,1928
64,1944
65,1961
66,1988
67,2002
68,2013
69,2040
70,2056
71,2060
72,2065
73,2078
74,2091
75,2103
76,2110
77,2117
78,2128
79,2141
80,2151
81,2162
82,2169
83,2175
84,2182
85,2189
86,2193
87,2203
88,2209
89,2210
90,2214
91,2219
92,2225
93,2226
94,2227
95,2228
96,2229
97,2230
1,86
2,99
3,137
4,160
5,195
6,271
7,290
8,311
9,314
10,372
11,413
12,422
13,492
14,502
15,531
16,588
17,601
18,666
19,739
20,775
21,845
22,899
23,945
24,983
25,984
26,1008
27,1076
28,1091
29,1154
30,1183
31,1202
32,1241
33,1294
34,1316
35,1374
36,1406
37,1459
38,1478
39,1481
40,1534
41,1573
42,1574
43,1604
44,1629
45,1656
46,1675
47,1688
48,1724
49,1743
50,1782
51,1803
52,1823
53,1857
54,1870
55,1899
56,1911
57,1947
58,1963
59,1994
60,2021
61,2033
62,2056
63,2072
64,2082
65,2094
66,2107
67,2116
68,2117
69,2129
70,2137
71,2161
72,2173
73,2179
74,2184
75,2203
76,2225
77,2246
78,2254
79,2271
80,2283
81,2287
82,2293
83,2306
84,2317
85,2325
86,2333
87,2341
88,2350
89,2359
90,2362
91,2366
92,2369
93,2374
94,2376
95,2378
96,2380
97,2381
1,75
2,97
3,129
4,194
5,262
6,266
7,347
8,424
9,463
10,485
11,566
12,596
13,665
14,715
15,739
16,784
17,846
18,874
19,944
20,966
21,1029
22,1098
23,1171
24,1237
25,1257
26,1315
27,1360
28,1379
29,1398
30,1404
31,1434
32,1476
33,1527
34,1587
35,1637
36,1640
37,1650
38,1653
39,1710
40,1717
41,1722
42,1776
43,1828
44,1880
45,1898
46,1914
47,1939
48,1949
49,1958
50,1972
51,2012
52,2022
53,2063
54,2106
55,2131
56,2136
57,2169
58,2174
59,2186
60,2224
61,2246
62,2257
63,2272
64,2279
65,2305
66,2316
67,2324
68,2340
69,2354
70,2361
71,2382
72,2385
73,2392
74,2414
75,2416
76,2436
77,2443
78,2454
79,2466
80,2479
81,2484
82,2491
83,2499
84,2513
85,2525
86,2534
87,2539
88,2547
89,2555
90,2556
91,2560
92,2562
93,2566
94,2569
95,2572
96,2574
97,2575
1,66
2,80
3,94
4,106
5,178
6,228
7,317
8,354
9,422
10,431
11,439
12,491
13,511
14,519
15,557
16,568
17,613
18,624
19,632
20,642
21,689
22,714
23,740
24,741
25,762
26,798
27,815
28,816
29,832
30,868
31,888
32,903
33,910
34,949
35,989
36,995
37,1042
38,1069
39,1082
40,1119
41,1176
42,1192
43,1217
44,1245
45,1289
46,1303
47,1306
48,1319
49,1348
50,1363
51,1368
52,1405
53,1431
54,1441
55,1459
56,1491
57,1517
58,1524
59,1548
60,1562
61,1592
62,1604
63,1608
64,1636
65,1650
66,1664
67,1678
68,1707
69,1711
70,1712
71,1716
72,1729
73,1730
74,1737
75,1742
76,1749
77,1751
78,1764
79,1767
80,1774
81,1782
82,1792
83,1800
84,1808
85,1811
86,1819
87,1822
88,1828
89,1829
90,1836
91,1840
92,1843
93,1847
94,1849
95,1851
96,1853
97,1854
1,7
2,46
3,100
4,159
5,232
6,248
7,282
8,303
9,354
10,402
11,474
12,516
13,573
14,653
15,724
16,764
17,820
18,848
19,874
20,921
21,983
22,1042
23,1053
24,1126
25,1137
26,1200
27,1202
28,1254
29,1258
30,1314
31,1364
32,1403
33,1411
34,1455
35,1508
36,1544
37,1559
38,1586
39,1591
40,1596
41,1597
42,1639
43,1657
44,1695
45,1696
46,1737
47,1746
48,1765
49,1793
50,1828
51,1871
52,1898
53,1904
54,1925
55,1947
56,1988
57,2004
58,2006
59,2012
60,2048
61,2057
62,2072
63,2081
64,2090
65,2115
66,2142
67,2153
68,2177
69,2204
70,2213
71,2240
72,2263
73,2277
74,2289
75,2300
76,2304
77,2311
78,2329
79,2330
80,2344
81,2352
82,2366
83,2367
84,2371
85,2383
86,2386
87,2396
88,2401
89,2407
90,2412
91,2414
92,2418
93,2421
94,2422
95,2424
96,2425
97,2426
1,78
2,168
3,191
4,260
5,317
6,328
7,383
8,391
9,394
10,405
11,469
12,507
13,523
14,589
15,656
16,724
17,764
18,769
19,819
20,872
21,901
22,977
23,1043
24,1066
25,1088
26,1132
27,1184
28,1221
29,1287
30,1293
31,1301
32,1343
33,1375
34,1430
35,1460
36,1487
37,1500
38,1523
39,1571
40,1606
41,1610
42,1613
43,1640
44,1645
45,1678
46,1686
47,1725
48,1774
49,1798
50,1806
51,1818
52,1862
53,1869
54,1880
55,1894
56,1895
57,1926
58,1927
59,1928
60,1965
61,1966
62,1974
63,1991
64,2010
65,2039
66,2055
67,2072
68,2096
69,2113
70,2123
71,2124
72,2130
73,2142
74,2156
75,2169
76,2178
77,2186
78,2190
79,2198
80,2210
81,2216
82,2224
83,2229
84,2238
85,2241
86,2243
87,2244
88,2247
89,2248
90,2251
91,2257
92,2261
93,2266
94,2270
95,2271
96,2272
97,2273
1,9
2,36
3,70
4,125
5,131
6,136
7,224
8,295
9,327
10,400
11,446
12,464
13,524
14,560
15,569
16,624
17,645
18,688
19,760
20,788
21,832
22,907
23,935
24,988
25,998
26,1013
27,1082
28,1087
29,1122
30,1125
31,1141
32,1168
33,1220
34,1223
35,1236
36,1257
37,1295
38,1348
39,1396
40,1453
41,1490
42,1539
43,1541
44,1560
45,1585
46,1628
47,1644
48,1670
49,1697
50,1743
51,1773
52,1818
53,1858
54,1886
55,1908
56,1931
57,1971
58,2005
59,2029
60,2034
61,2054
62,2077
63,2089
64,2092
65,2094
66,2115
67,2122
68,2151
69,2158
70,2167
71,2172
72,2177
73,2184
74,2206
75,2219
76,2220
77,2234
78,2251
79,2259
80,2269
81,2279
82,2292
83,2306
84,2308
85,2321
86,2330
87,2336
88,2346
89,2347
90,2350
91,2354
92,2355
93,2357
94,2360
95,2363
96,2364
97,2365
1,33
2,89
3,97
4,190
5,230
6,294
7,339
8,364
9,368
10,371
11,385
12,435
13,478
14,514
15,527
16,592
17,606
18,673
19,744
20,809
21,824
22,892
23,912
24,972
25,1042
26,1062
27,1089
28,1152
29,1204
30,1257
31,1303
32,1316
33,1317
34,1364
35,1388
36,1419
37,1465
38,1497
39,1542
40,1597
41,1599
42,1637
43,1690
44,1735
45,1755
46,1797
47,1834
48,1883
49,1900
50,1938
51,1955
52,1971
53,1978
54,1988
55,2007
56,2019
57,2054
58,2080
59,2116
60,2119
61,2128
62,2158
63,2176
64,2186
65,2190
66,2211
67,2229
68,2248
69,2259
70,2281
71,2287
72,2299
73,2321
74,2334
75,2346
76,2350
77,2367
78,2379
79,2388
80,2402
81,2410
82,2418
83,2423
84,2426
85,2431
86,2437
87,2445
88,2450
89,2453
90,2456
91,2460
92,2463
93,2467
94,2471
95,2474
96,2475
97,2476
1,29
2,124
3,163
4,206
5,271
6,354
7,386
8,431
9,513
10,526
11,595
12,653
13,736
14,817
15,854
16,886
17,910
18,960
19,975
20,1039
21,1075
22,1087
23,1142
24,1162
25,1172
26,1233
27,1285
28,1326
29,1380
30,1420
31,1476
32,1538
33,1596
34,1630
35,1667
36,1729
37,1772
38,1798
39,1857
40,1878
41,1894
42,1899
43,1921
44,1930
45,1943
46,1953
47,2002
48,2011
49,2025
50,2041
51,2080
52,2116
53,2133
54,2154
55,2172
56,2205
57,2237
58,2265
59,2293
60,2318
61,2350
62,2367
63,2387
64,2396
65,2403
66,2431
67,2444
68,2473
69,2485
70,2506
71,2515
72,2533
73,2542
74,2557
75,2567
76,2575
77,2589
78,2609
79,2622
80,2627
81,2641
82,2642
83,2654
84,2658
85,2667
86,2671
87,2678
88,2683
89,2691
90,2696
91,2701
92,2704
93,2709
94,2712
95,2714
96,2716
97,2717
1,89
2,95
3,143
4,190
5,192
6,237
7,292
8,305
9,374
10,404
11,483
12,498
13,505
14,570
15,641
16,651
17,714
18,772
19,834
20,880
21,949
22,1010
23,1044
24,1052
25,1088
26,1119
27,1128
28,1134
29,1144
30,1151
31,1166
32,1213
33,1256
34,1286
35,1338
36,1381
37,1382
38,1407
39,1414
40,1427
41,1480
42,1525
43,1576
44,1616
45,1632
46,1672
47,1719
48,1747
49,1789
50,1832
51,1879
52,1885
53,1920
54,1933
55,1963
56,1993
57,2014
58,2036
59,2075
60,2097
61,2129
62,2164
63,2175
64,2209
65,2225
66,2232
67,2239
68,2263
69,2288
70,2307
71,2332
72,2333
73,2338
74,2351
75,2359
76,2371
77,2373
78,2384
79,2396
80,2398
81,2414
82,2427
83,2430
84,2438
85,2450
86,2456
87,2462
88,2471
89,2479
90,2484
91,2489
92,2493
93,2497
94,2500
95,2503
96,2505
97,2506
1,89
2,97
3,178
4,255
5,340
6,406
7,453
8,498
9,556
10,567
11,610
12,668
13,669
14,673
15,730
16,811
17,828
18,877
19,950
20,1019
21,1092
22,1134
23,1199
24,1230
25,1297
26,1303
27,1321
28,1341
29,1383
30,1420
31,1473
32,1527
33,1582
34,1632
35,1695
36,1729
37,1749
38,1795
39,1844
40,1863
41,1884
42,1939
43,1962
44,1969
45,2004
46,2050
47,2051
48,2092
49,2133
50,2181
51,2211
52,2253
53,2263
54,2267
55,2309
56,2322
57,2353
58,2364
59,2395
60,2414
61,2427
62,2431
63,2465
64,2492
65,2506
66,2513
67,2517
68,2532
69,2560
70,2569
71,2579
72,2587
73,2591
74,2605
75,2608
76,2620
77,2626
78,2627
79,2631
80,2647
81,2663
82,2675
83,2676
84,2687
85,2688
86,2700
87,2709
88,2717
89,2719
90,2723
91,2729
92,2730
93,2734
94,2735
95,2736
96,2738
97,2739
1,92
2,172
3,232
4,310
5,399
6,438
7,449
8,527
9,567
10,619
11,672
12,685
13,735
14,784
15,821
16,894
17,961
18,965
19,1013
20,1058
21,1119
22,1153
23,1199
24,1262
25,1331
26,1358
27,1379
28,1393
29,1395
30,1436
31,1450
32,1479
33,1512
34,1569
35,1602
36,1608
37,1643
38,1680
39,1718
40,1756
41,1775
42,1798
43,1846
44,1861
45,1881
46,1882
47,1883
48,1933
49,1965
50,1980
51,1998
52,2041
53,2061
54,2063
55,2074
56,2115
57,2119
58,2131
59,2146
60,2181
61,2189
62,2201
63,2208
64,2242
65,2258
66,2285
67,2303
68,2311
69,2324
70,2351
71,2372
72,2377
73,2395
74,2418
75,2420
76,2439
77,2458
78,2478
79,2497
80,2501
81,2512
82,2521
83,2536
84,2537
85,2549
86,2554
87,2561
88,2567
89,2576
90,2583
91,2587
92,2590
93,2592
94,2595
95,2597
96,2599
97,2600
1,48
2,59
3,130
4,214
5,306
6,319
7,393
8,423
9,480
10,508
11,535
12,559
13,600
14,611
15,641
16,721
17,732
18,804
19,857
20,874
21,930
22,991
23,993
24,1008
25,1013
26,1053
27,1092
28,1121
29,1169
30,1180
31,1221
32,1258
33,1283
34,1301
35,1360
36,1365
37,1404
38,1434
39,1481
40,1482
41,1504
42,1559
43,1598
44,1631
45,1640
46,1650
47,1652
48,1663
49,1693
50,1700
51,1703
52,1722
53,1763
54,1796
55,1832
56,1837
57,1861
58,1886
59,1892
60,1916
61,1947
62,1969
63,1989
64,1994
65,1996
66,2024
67,2046
68,2055
69,2076
70,2102
71,2103
72,2109
73,2126
74,2139
75,2162
76,2174
77,2178
78,2183
79,2201
80,2210
81,2217
82,2225
83,2234
84,2235
85,2237
86,2246
87,2256
88,2261
89,2267
90,2269
91,2271
92,2277
93,2278
94,2281
95,2284
96,2285
97,2286
1,46
2,133
3,146
4,147
5,230
6,301
7,392
8,426
9,476
10,525
11,599
12,623
13,689
14,700
15,744
16,811
17,876
18,916
19,919
20,940
21,965
22,966
23,981
24,1053
25,1106
26,1171
27,1176
28,1231
29,1250
30,1271
31,1330
32,1353
33,1358
34,1386
35,1448
36,1500
37,1548
38,1564
39,1606
40,1648
41,1686
42,1726
43,1781
44,1796
45,1816
46,1835
47,1854
48,1879
49,1883
50,1927
51,1949
52,1991
53,2008
54,2046
55,2085
56,2087
57,2126
58,2154
59,2182
60,2185
61,2192
62,2218
63,2222
64,2239
65,2254
66,2271
67,2298
68,2315
69,2336
70,2347
71,2364
72,2388
73,2391
74,2414
75,2431
76,2448
77,2467
78,2483
79,2486
80,2487
81,2491
82,2503
83,2514
84,2523
85,2529
86,2533
87,2543
88,2545
89,2548
90,2553
91,2558
92,2561
93,2564
94,2566
95,2569
96,2571
97,2572
1,51
2,122
3,165
4,242
5,305
6,381
7,417
8,472
9,535
10,576
11,657
12,725
13,782
14,809
15,835
16,841
17,851
18,880
19,936
20,980
21,1024
22,1099
23,1105
24,1154
25,1209
26,1214
27,1223
28,1275
29,1344
30,1371
31,1422
32,1469
33,1491
34,1551
35,1552
36,1595
37,1620
38,1670
39,1674
40,1697
41,1702
42,1727
43,1756
44,1776
45,1787
46,1833
47,1862
48,1881
49,1899
50,1932
51,1976
52,1987
53,2031
54,2037
55,2055
56,2096
57,2110
58,2125
59,2140
60,2142
61,2161
62,2184
63,2195
64,2202
65,2219
66,2225
67,2247
68,2262
69,2272
70,2273
71,2278
72,2297
73,2314
74,2333
75,2338
76,2346
77,2358
78,2364
79,2371
80,2372
81,2384
82,2388
83,2389
84,2392
85,2396
86,2404
87,2411
88,2412
89,2421
90,2426
91,2430
92,2436
93,2439
94,2442
95,2443
96,2444
97,2445
1,90
2,172
3,230
4,320
5,337
6,346
7,381
8,450
9,464
10,543
11,621
12,644
13,715
14,771
15,845
16,924
17,991
18,1057
19,1071
20,1141
21,1208
22,1258
23,1307
24,1369
25,1383
26,1419
27,1449
28,1488
29,1521
30,1568
31,1572
32,1603
33,1649
34,1704
35,1752
36,1809
37,1845
38,1890
39,1931
40,1935
41,1952
42,2007
43,2041
44,2093
45,2144
46,2163
47,2168
48,2173
49,2177
50,2185
51,2232
52,2233
53,2274
54,2299
55,2342
56,2343
57,2346
58,2382
59,2391
60,2392
61,2399
62,2413
63,2439
64,2456
65,2457
66,2464
67,2467
68,2494
69,2517
70,2531
71,2557
72,2573
73,2596
74,2613
75,2628
76,2631
77,2633
78,2650
79,2651
80,2663
81,2669
82,2683
83,2686
84,2696
85,2702
86,2711
87,2714
88,2720
89,2726
90,2730
91,2733
92,2735
93,2738
94,2742
95,2745
96,2747
97,2748
1,91
2,149
3,237
4,319
5,361
6,420
7,502
8,515
9,525
10,593
11,660
12,713
13,794
14,855
15,907
16,953
17,1001
18,1004
19,1016
20,1076
21,1096
22,1142
23,1199
24,1270
25,1321
26,1392
27,1426
28,1464
29,1487
30,1492
31,1529
32,1538
33,1574
34,1582
35,1604
36,1612
37,1621
38,1666
39,1683
40,1712
41,1718
42,1737
43,1761
44,1771
45,1779
46,1798
47,1812
48,1834
49,1872
50,1898
51,1922
52,1965
53,1978
54,1993
55,1994
56,1997
57,2009
58,2024
59,2043
60,2051
61,2056
62,2088
63,2121
64,2143
65,2161
66,2193
67,2206
68,2212
69,2240
70,2243
71,2246
72,2254
73,2259
74,2267
75,2289
76,2290
77,2311
78,2324
79,2327
80,2340
81,2354
82,2358
83,2372
84,2375
85,2387
86,2398
87,2399
88,2409
89,2411
90,2414
91,2415
92,2417
93,2421
94,2422
95,2423
96,2425
97,2426
1,82
2,156
3,249
4,287
5,316
6,363
7,411
8,473
9,483
10,538
11,583
12,652
13,704
14,722
15,793
16,865
17,876
18,897
19,960
20,999
21,1001
22,1023
23,1054
24,1123
25,1168
26,1206
27,1266
28,1318
29,1324
30,1342
31,1405
32,1432
33,1496
34,1499
35,1533
36,1538
37,1581
38,1610
39,1614
40,1665
41,1712
42,1715
43,1748
44,1752
45,1775
46,1791
47,1809
48,1842
49,1846
50,1891
51,1896
52,1935
53,1960
54,1993
55,1996
56,2005
57,2023
58,2047
59,2055
60,2062
61,2083
62,2097
63,2123
64,2155
65,2179
66,2186
67,2206
68,2225
69,2231
70,2247
71,2250
72,2257
73,2279
74,2298
75,2312
76,2317
77,2322
78,2324
79,2337
80,2355
81,2358
82,2362
83,2365
84,2374
85,2385
86,2386
87,2391
88,2392
89,2398
90,2402
91,2408
92,2411
93,2413
94,2417
95,2419
96,2420
97,2421
1,31
2,42
3,67
4,136
5,161
6,196
7,240
8,312
9,326
10,367
11,405
12,413
13,455
14,534
15,612
16,688
17,706
18,753
19,800
20,824
21,843
22,897
23,902
24,957
25,1007
26,1068
27,1125
28,1130
29,1175
30,1239
31,1285
32,1296
33,1334
34,1393
35,1405
36,1433
37,1490
38,1520
39,1557
40,1601
41,1611
42,1628
43,1646
44,1696
45,1737
46,1739
47,1767
48,1776
49,1810
50,1856
51,1897
52,1904
53,1906
54,1934
55,1977
56,1984
57,2012
58,2026
59,2045
60,2072
61,2094
62,2122
63,2153
64,2166
65,2171
66,2193
67,2198
68,2224
69,2253
70,2273
71,2294
72,2296
73,2314
74,2329
75,2330
76,2349
77,2359
78,2368
79,2379
80,2393
81,2395
82,2402
83,2415
84,2417
85,2428
86,2434
87,2443
88,2446
89,2448
90,2452
91,2453
92,2454
93,2457
94,2461
95,2462
96,2464
97,2465
1,83
2,97
3,163
4,212
5,287
6,318
7,367
8,378
9,433
10,519
11,544
12,628
13,634
14,658
15,689
16,696
17,746
18,782
19,854
20,898
21,955
22,1020
23,1044
24,1094
25,1131
26,1162
27,1206
28,1241
29,1292
30,1300
31,1336
32,1337
33,1360
34,1406
35,1456
36,1501
37,1557
38,1579
39,1632
40,1663
41,1672
42,1702
43,1754
44,1807
45,1839
46,1888
47,1892
48,1927
49,1937
50,1972
51,1977
52,2018
53,2020
54,2058
55,2092
56,2101
57,2139
58,2168
59,2183
60,2200
61,2226
62,2242
63,2270
64,2271
65,2302
66,2314
67,2337
68,2353
69,2381
70,2393
71,2399
72,2407
73,2413
74,2414
75,2420
76,2435
77,2440
78,2441
79,2449
80,2463
81,2472
82,2482
83,2486
84,2490
85,2494
86,2496
87,2505
88,2508
89,2514
90,2521
91,2527
92,2532
93,2536
94,2540
95,2542
96,2544
97,2545
1,11
2,88
3,114
4,208
5,250
6,260
7,310
8,343
9,346
10,431
11,452
12,489
13,540
14,541
15,567
16,621
17,632
18,644
19,669
20,744
21,813
22,832
23,858
24,907
25,961
26,976
27,1029
28,1046
29,1051
30,1077
31,1142
32,1169
33,1202
34,1213
35,1248
36,1290
37,1339
38,1387
39,1433
40,1474
41,1479
42,1518
43,1568
44,1580
45,1597
46,1610
47,1656
48,1664
49,1668
50,1687
51,1719
52,1740
53,1759
54,1766
55,1787
56,1821
57,1860
58,1900
59,1913
60,1938
61,1966
62,1967
63,1983
64,2007
65,2012
66,2043
67,2068
68,2080
69,2082
70,2106
71,2113
72,2115
73,2140
74,2161
75,2179
76,2191
77,2211
78,2230
79,2247
80,2251
81,2265
82,2275
83,2278
84,2282
85,2295
86,2301
87,2305
88,2308
89,2317
90,2323
91,2328
92,2333
93,2335
94,2336
95,2339
96,2340
97,2341
1,5
2,52
3,70
4,74
5,143
6,212
7,276
8,341
9,393
10,468
11,483
12,498
13,548
14,598
15,622
16,682
17,726
18,784
19,817
20,840
21,888
22,907
23,978
24,1048
25,1121
26,1140
27,1160
28,1197
29,1244
30,1289
31,1291
32,1352
33,1376
34,1381
35,1444
36,1466
37,1497
38,1512
39,1521
40,1538
41,1550
42,1589
43,1638
44,1647
45,1692
46,1715
47,1716
48,1763
49,1805
50,1839
51,1884
52,1928
53,1937
54,1971
55,1976
56,2011
57,2029
58,2053
59,2085
60,2099
61,2110
62,2142
63,2175
64,2190
65,2213
66,2232
67,2243
68,2264
69,2284
70,2293
71,2312
72,2316
73,2321
74,2333
75,2335
76,2357
77,2365
78,2369
79,2388
80,2403
81,2415
82,2417
83,2429
84,2432
85,2439
86,2443
87,2454
88,2455
89,2456
90,2464
91,2469
92,2471
93,2473
94,2477
95,2480
96,2481
97,2482
1,32
2,103
3,150
4,213
5,287
6,299
7,364
8,408
9,488
10,559
11,613
12,677
13,680
14,694
15,734
16,790
17,795
18,865
19,879
20,903
21,933
22,996
23,1024
24,1060
25,1110
26,1131
27,1184
28,1225
29,1260
30,1262
31,1310
32,1366
33,1408
34,1442
35,1453
36,1480
37,1492
38,1530
39,1568
40,1586
41,1605
42,1640
43,1680
44,1691
45,1703
46,1705
47,1721
48,1758
49,1795
50,1816
51,1855
52,1898
53,1911
54,1949
55,1961
56,1995
57,2004
58,2022
59,2043
60,2045
61,2079
62,2097
63,2106
64,2128
65,2141
66,2171
67,2172
68,2194
69,2208
70,2211
71,2234
72,2258
73,2266
74,2285
75,2299
76,2307
77,2320
78,2327
79,2340
80,2345
81,2347
82,2356
83,2364
84,2377
85,2383
86,2394
87,2398
88,2406
89,2411
90,2412
91,2414
92,2416
93,2419
94,2421
95,2423
96,2425
97,2426
1,90
2,158
3,171
4,173
5,186
6,211
7,223
8,279
9,363
10,427
11,493
12,555
13,623
14,640
15,714
16,781
17,791
18,848
19,896
20,914
21,968
22,1021
23,1080
24,1140
25,1150
26,1164
27,1224
28,1276
29,1295
30,1343
31,1389
32,1426
33,1459
34,1510
35,1567
36,1599
37,1636
38,1691
39,1748
40,1762
41,1791
42,1803
43,1839
44,1886
45,1911
46,1919
47,1947
48,1974
49,1987
50,2001
51,2021
52,2062
53,2107
54,2135
55,2140
56,2162
57,2175
58,2207
59,2221
60,2245
61,2279
62,2286
63,2289
64,2292
65,2296
66,2301
67,2302
68,2315
69,2339
70,2345
71,2353
72,2360
73,2361
74,2376
75,2387
76,2393
77,2406
78,2411
79,2427
80,2435
81,2447
82,2454
83,2469
84,2483
85,2485
86,2497
87,2503
88,2511
89,2519
90,2520
91,2522
92,2525
93,2530
94,2534
95,2535
96,2536
97,2537
1,3
2,24
3,96
4,170
5,178
6,226
7,283
8,350
9,398
10,467
11,497
12,516
13,549
14,553
15,584
16,617
17,676
18,728
19,775
20,797
21,858
22,918
23,990
24,1026
25,1041
26,1051
27,1112
28,1180
29,1211
30,1272
31,1295
32,1333
33,1396
34,1427
35,1467
36,1525
37,1555
38,1560
39,1611
40,1622
41,1678
42,1694
43,1729
44,1780
45,1820
46,1853
47,1875
48,1901
49,1948
50,1952
51,1988
52,2019
53,2045
54,2089
55,2126
56,2154
57,2174
58,2185
59,2196
60,2209
61,2234
62,2254
63,2266
64,2285
65,2293
66,2309
67,2326
68,2348
69,2377
70,2403
71,2414
72,2426
73,2439
74,2455
75,2460
76,2480
77,2490
78,2496
79,2501
80,2510
81,2517
82,2527
83,2532
84,2543
85,2552
86,2561
87,2566
88,2574
89,2576
90,2581
91,2588
92,2591
93,2595
94,2597
95,2598
96,2599
97,2600
1,94
2,147
3,205
4,272
5,351
6,397
7,477
8,533
9,582
10,598
11,624
12,629
13,636
14,691
15,758
16,836
17,885
18,930
19,996
20,1059
21,1118
22,1144
23,1189
24,1218
25,1238
26,1296
27,1335
28,1396
29,1398
30,1425
31,1484
32,1540
33,1581
34,1582
35,1623
36,1626
37,1670
38,1708
39,1740
40,1767
41,1794
42,1827
43,1880
44,1902
45,1917
46,1968
47,2006
48,2011
49,2058
50,2083
51,2107
52,2132
53,2155
54,2199
55,2223
56,2241
57,2254
58,2286
59,2313
60,2329
61,2355
62,2387
63,2397
64,2404
65,2412
66,2424
67,2448
68,2449
69,2451
70,2454
71,2455
72,2467
73,2491
74,2502
75,2514
76,2523
77,2532
78,2545
79,2552
80,2557
81,2564
82,2579
83,2585
84,2591
85,2603
86,2614
87,2616
88,2619
89,2621
90,2624
91,2626
92,2628
93,2633
94,2637
95,2638
96,2639
97,2640
1,87
2,155
3,228
4,267
5,358
6,376
7,397
8,422
9,437
10,525
11,594
12,657
13,672
14,693
15,744
16,800
17,818
18,829
19,891
20,911
21,961
22,1025
23,1044
24,1056
25,1080
26,1143
27,1147
28,1179
29,1245
30,1288
31,1352
32,1417
33,1467
34,1531
35,1584
36,1624
37,1676
38,1701
39,1733
40,1739
41,1778
42,1793
43,1846
44,1863
45,1867
46,1906
47,1922
48,1971
49,2011
50,2020
51,2067
52,2076
53,2104
54,2144
55,2169
56,2208
57,2245
58,2246
59,2261
60,2267
61,2271
62,2306
63,2326
64,2354
65,2356
66,2364
67,2372
68,2375
69,2385
70,2405
71,2407
72,2416
73,2439
74,2450
75,2472
76,2493
77,2498
78,2504
79,2505
80,2519
81,2520
82,2535
83,2549
84,2559
85,2565
86,2574
87,2575
88,2581
89,2584
90,2585
91,2587
92,2590
93,2591
94,2594
95,2595
96,2596
97,2597
1,78
2,122
3,206
4,260
5,275
6,321
7,412
8,415
9,450
10,480
11,509
12,574
13,636
14,677
15,748
16,814
17,859
18,870
19,933
20,949
21,973
22,1023
23,1044
24,1092
25,1109
26,1159
27,1214
28,1272
29,1318
30,1358
31,1406
32,1468
33,1483
34,1513
35,1515
36,1562
37,1590
38,1631
39,1685
40,1718
41,1728
42,1737
43,1767
44,1791
45,1815
46,1842
47,1893
48,1935
49,1968
50,1997
51,2022
52,2041
53,2081
54,2092
55,2126
56,2144
57,2145
58,2157
59,2178
60,2203
61,2239
62,2249
63,2266
64,2293
65,2302
66,2325
67,2339
68,2357
69,2367
70,2378
71,2395
72,2396
73,2405
74,2424
75,2445
76,2456
77,2470
78,2483
79,2488
80,2506
81,2518
82,2527
83,2542
84,2545
85,2558
86,2564
87,2565
88,2567
89,2571
90,2578
91,2581
92,2582
93,2583
94,2587
95,2588
96,2590
97,2591
1,34
2,123
3,153
4,214
5,220
6,279
7,364
8,383
9,401
10,477
11,549
12,602
13,643
14,693
15,741
16,813
17,835
18,892
19,896
20,961
21,999
22,1038
23,1094
24,1144
25,1189
26,1241
27,1274
28,1317
29,1366
30,1389
31,1417
32,1431
33,1453
34,1464
35,1502
36,1506
37,1556
38,1579
39,1629
40,1651
41,1657
42,1661
43,1712
44,1723
45,1733
46,1750
47,1769
48,1809
49,1856
50,1894
51,1898
52,1915
53,1938
54,1948
55,1982
56,2012
57,2036
58,2041
59,2074
60,2095
61,2115
62,2124
63,2158
64,2160
65,2185
66,2193
67,2218
68,2244
69,2258
70,2263
71,2269
72,2280
73,2305
74,2308
75,2327
76,2346
77,2349
78,2368
79,2387
80,2400
81,2414
82,2425
83,2438
84,2451
85,2455
86,2464
87,2470
88,2473
89,2482
90,2487
91,2491
92,2493
93,2495
94,2497
95,2498
96,2500
97,2501
1,62
2,128
3,136
4,176
5,192
6,244
7,261
8,272
9,291
10,355
11,402
12,450
13,477
14,535
15,571
16,594
17,608
18,645
19,646
20,647
21,687
22,688
23,760
24,818
25,888
26,949
27,970
28,1019
29,1046
30,1101
31,1159
32,1195
33,1234
34,1273
35,1278
36,1297
37,1304
38,1312
39,1317
40,1320
41,1357
42,1405
43,1450
44,1460
45,1465
46,1471
47,1510
48,1556
49,1596
50,1628
51,1658
52,1665
53,1694
54,1728
55,1738
56,1761
57,1784
58,1824
59,1838
60,1850
61,1872
62,1876
63,1880
64,1883
65,1912
66,1922
67,1948
68,1963
69,1974
70,1993
71,2017
72,2025
73,2049
74,2065
75,2084
76,2085
77,2092
78,2105
79,2123
80,2139
81,2142
82,2155
83,2162
84,2170
85,2181
86,2182
87,2184
88,2190
89,2193
90,2196
91,2201
92,2204
93,2208
94,2210
95,2212
96,2213
97,2214
1,76
2,168
3,219
4,288
5,338
6,344
7,432
8,442
9,451
10,531
11,598
12,612
13,658
14,723
15,752
16,819
17,832
18,870
19,920
20,937
21,939
22,1011
23,1031
24,1038
25,1090
26,1153
27,1173
28,1181
29,1199
30,1209
31,1259
32,1314
33,1328
34,1390
35,1444
36,1485
37,1523
38,1565
39,1570
40,1586
41,1599
42,1600
43,1621
44,1624
45,1649
46,1664
47,1667
48,1693
49,1725
50,1726
51,1765
52,1791
53,1827
54,1828
55,1852
56,1892
57,1926
58,1945
59,1978
60,2003
61,2013
62,2015
63,2045
64,2059
65,2091
66,2101
67,2121
68,2145
69,2159
70,2167
71,2176
72,2183
73,2185
74,2190
75,2198
76,2202
77,2223
78,2241
79,2257
80,2263
81,2264
82,2270
83,2285
84,2297
85,2300
86,2312
87,2323
88,2330
89,2338
90,2346
91,2350
92,2351
93,2354
94,2356
95,2359
96,2361
97,2362
1,10
2,70
3,84
4,112
5,113
6,144
7,178
8,179
9,190
10,222
11,279
12,361
13,364
14,443
15,466
16,537
17,592
18,646
19,710
20,738
21,777
22,781
23,795
24,810
25,881
26,905
27,954
28,977
29,981
30,1004
31,1064
32,1096
33,1120
34,1127
35,1134
36,1187
37,1233
38,1293
39,1330
40,1355
41,1403
42,1419
43,1462
44,1471
45,1495
46,1503
47,1531
48,1556
49,1582
50,1599
51,1622
52,1653
53,1689
54,1700
55,1710
56,1734
57,1741
58,1755
59,1789
60,1820
61,1827
62,1829
63,1847
64,1876
65,1894
66,1903
67,1912
68,1930
69,1933
70,1953
71,1979
72,1982
73,1989
74,2003
75,2009
76,2012
77,2032
78,2045
79,2054
80,2055
81,2071
82,2073
83,2079
84,2086
85,2092
86,2094
87,2095
88,2105
89,2108
90,2116
91,2118
92,2120
93,2125
94,2128
95,2129
96,2130
97,2131
1,13
2,60
3,150
4,189
5,246
6,285
7,287
8,302
9,387
10,400
11,461
12,477
13,491
14,522
15,536
16,611
17,666
18,717
19,781
20,807
21,855
22,901
23,928
24,974
25,1008
26,1017
27,1045
28,1051
29,1102
30,1104
31,1140
32,1178
33,1192
34,1226
35,1280
36,1311
37,1366
38,1376
39,1428
40,1475
41,1503
42,1531
43,1573
44,1602
45,1650
46,1687
47,1695
48,1728
49,1729
50,1743
51,1783
52,1806
53,1824
54,1866
55,1889
56,1901
57,1911
58,1942
59,1965
60,1999
61,2007
62,2013
63,2024
64,2047
65,2070
66,2090
67,2091
68,2101
69,2109
70,2128
71,2131
72,2156
73,2180
74,2186
75,2187
76,2189
77,2207
78,2223
79,2240
80,2245
81,2256
82,2261
83,2265
84,2267
85,2279
86,2281
87,2287
88,2291
89,2298
90,2299
91,2306
92,2309
93,2313
94,2314
95,2317
96,2318
97,2319
1,76
2,97
3,185
4,237
5,322
6,330
7,361
8,431
9,463
10,492
11,566
12,587
13,593
14,600
15,666
16,693
17,768
18,795
19,865
20,900
21,949
22,991
23,1015
24,1020
25,1050
26,1105
27,1146
28,1211
29,1216
30,1221
31,1224
32,1233
33,1298
34,1360
35,1401
36,1411
37,1415
38,1419
39,1469
40,1511
41,1563
42,1616
43,1656
44,1692
45,1713
46,1734
47,1746
48,1791
49,1808
50,1819
51,1865
52,1905
53,1922
54,1945
55,1958
56,1987
57,2006
58,2021
59,2059
60,2061
61,2078
62,2088
63,2093
64,2123
65,2147
66,2167
67,2180
68,2194
69,2212
70,2228
71,2250
72,2267
73,2277
74,2284
75,2297
76,2304
77,2313
78,2315
79,2320
80,2321
81,2338
82,2347
83,2353
84,2357
85,2361
86,2362
87,2371
88,2374
89,2375
90,2382
91,2386
92,2388
93,2389
94,2391
95,2393
96,2394
97,2395
1,39
2,83
3,100
4,156
5,199
6,217
7,245
8,309
9,321
10,344
11,355
12,397
13,457
14,484
15,539
16,616
17,647
18,684
19,758
20,813
21,885
22,934
23,975
24,980
25,1008
26,1064
27,1110
28,1118
29,1159
30,1195
31,1209
32,1227
33,1245
34,1292
35,1293
36,1350
37,1394
38,1434
39,1464
40,1472
41,1514
42,1533
43,1587
44,1637
45,1665
46,1701
47,1747
48,1785
49,1788
50,1814
51,1841
52,1843
53,1879
54,1888
55,1911
56,1916
57,1936
58,1969
59,1975
60,2003
61,2009
62,2030
63,2033
64,2051
65,2073
66,2093
67,2113
68,2135
69,2161
70,2163
71,2190
72,2203
73,2214
74,2217
75,2239
76,2248
77,2262
78,2275
79,2293
80,2302
81,2311
82,2321
83,2326
84,2339
85,2340
86,2351
87,2360
88,2369
89,2371
90,2377
91,2381
92,2385
93,2390
94,2393
95,2395
96,2396
97,2397
1,66
2,67
3,95
4,107
5,137
6,182
7,197
8,282
9,362
10,412
11,491
12,553
13,606
14,607
15,644
16,685
17,742
18,772
19,806
20,842
21,912
22,987
23,1053
24,1067
25,1103
26,1130
27,1186
28,1243
29,1307
30,1339
31,1367
32,1389
33,1400
34,1455
35,1481
36,1512
37,1518
38,1562
39,1576
40,1583
41,1637
42,1685
43,1696
44,1706
45,1757
46,1760
47,1782
48,1796
49,1800
50,1810
51,1824
52,1865
53,1901
54,1929
55,1942
56,1982
57,1996
58,2001
59,2024
60,2044
61,2053
62,2072
63,2082
64,2097
65,2112
66,2143
67,2158
68,2164
69,2188
70,2209
71,2226
72,2247
73,2263
74,2280
75,2286
76,2306
77,2314
78,2333
79,2334
80,2344
81,2357
82,2373
83,2385
84,2397
85,2403
86,2404
87,2413
88,2415
89,2417
90,2425
91,2432
92,2436
93,2439
94,2440
95,2441
96,2442
97,2443
1,54
2,138
3,233
4,284
5,290
6,329
7,380
8,406
9,435
10,474
11,515
12,518
13,557
14,587
15,655
16,719
17,727
18,791
19,792
20,795
21,806
22,881
23,892
24,965
25,976
26,1019
27,1057
28,1096
29,1124
30,1147
31,1176
32,1241
33,1300
34,1301
35,1314
36,1324
37,1371
38,1391
39,1406
40,1411
41,1455
42,1506
43,1535
44,1560
45,1581
46,1601
47,1612
48,1630
49,1651
50,1656
51,1664
52,1686
53,1718
54,1751
55,1762
56,1778
57,1809
58,1832
59,1868
60,1890
61,1909
62,1936
63,1941
64,1968
65,1987
66,2007
67,2008
68,2023
69,2037
70,2043
71,2063
72,2071
73,2080
74,2084
75,2106
76,2121
77,2132
78,2137
79,2142
80,2159
81,2160
82,2162
83,2172
84,2183
85,2192
86,2202
87,2203
88,2211
89,2212
90,2217
91,2223
92,2228
93,2232
94,2233
95,2236
96,2238
97,2239
1,61
2,68
3,106
4,156
5,179
6,247
7,330
8,362
9,423
10,480
11,544
12,600
13,605
14,645
15,686
16,700
17,734
18,793
19,863
20,876
21,947
22,949
23,990
24,1012
25,1079
26,1088
27,1106
28,1137
29,1200
30,1225
31,1284
32,1343
33,1350
34,1397
35,1400
36,1439
37,1487
38,1542
39,1588
40,1645
41,1661
42,1708
43,1716
44,1734
45,1785
46,1818
47,1854
48,1872
49,1898
50,1913
51,1917
52,1918
53,1938
54,1956
55,1997
56,2014
57,2045
58,2061
59,2088
60,2116
61,2130
62,2139
63,2140
64,2157
65,2172
66,2182
67,2209
68,2217
69,2229
70,2231
71,2232
72,2248
73,2254
74,2270
75,2281
76,2301
77,2307
78,2311
79,2327
80,2331
81,2340
82,2345
83,2356
84,2363
85,2365
86,2370
87,2374
88,2383
89,2386
90,2393
91,2396
92,2399
93,2401
94,2403
95,2404
96,2406
97,2407
1,3
2,95
3,130
4,140
5,215
6,303
7,319
8,380
9,383
10,414
11,455
12,495
13,560
14,644
15,653
16,716
17,725
18,730
19,756
20,760
21,831
22,842
23,891
24,893
25,933
26,997
27,1001
28,1036
29,1046
30,1061
31,1128
32,1148
33,1194
34,1215
35,1266
36,1305
37,1340
38,1396
39,1452
40,1506
41,1514
42,1534
43,1589
44,1621
45,1641
46,1655
47,1667
48,1696
49,1730
50,1767
51,1783
52,1801
53,1832
54,1844
55,1887
56,1904
57,1910
58,1947
59,1950
60,1976
61,1997
62,2011
63,2024
64,2047
65,2052
66,2059
67,2066
68,2090
69,2094
70,2101
71,2118
72,2134
73,2148
74,2172
75,2185
76,2196
77,2210
78,2220
79,2232
80,2243
81,2255
82,2262
83,2269
84,2283
85,2288
86,2297
87,2307
88,2310
89,2311
90,2316
91,2319
92,2324
93,2329
94,2333
95,2334
96,2335
97,2336
1,78
2,89
3,94
4,112
5,201
6,289
7,337
8,347
9,405
10,461
11,493
12,536
13,614
14,618
15,627
16,703
17,711
18,743
19,814
20,824
21,837
22,855
23,878
24,942
25,990
26,1052
27,1079
28,1110
29,1179
30,1219
31,1261
32,1283
33,1316
34,1368
35,1412
36,1433
37,1442
38,1464
39,1476
40,1497
41,1549
42,1594
43,1629
44,1653
45,1658
46,1708
47,1733
48,1776
49,1809
50,1850
51,1885
52,1907
53,1924
54,1946
55,1986
56,2010
57,2023
58,2033
59,2040
60,2041
61,2048
62,2069
63,2101
64,2111
65,2115
66,2121
67,2149
68,2169
69,2183
70,2211
71,2215
72,2231
73,2236
74,2257
75,2267
76,2284
77,2305
78,2307
79,2318
80,2334
81,2344
82,2347
83,2350
84,2356
85,2359
86,2369
87,2373
88,2382
89,2386
90,2394
91,2399
92,2405
93,2408
94,2410
95,2413
96,2414
97,2415
1,5
2,12
3,59
4,93
5,150
6,230
7,320
8,372
9,419
10,446
11,525
12,608
13,640
14,648
15,676
16,716
17,750
18,792
19,823
20,832
21,873
22,897
23,899
24,947
25,1005
26,1007
27,1048
28,1059
29,1078
30,1131
31,1133
32,1184
33,1232
34,1245
35,1271
36,1275
37,1326
38,1338
39,1377
40,1390
41,1428
42,1479
43,1516
44,1540
45,1576
46,1592
47,1634
48,1652
49,1682
50,1724
51,1729
52,1763
53,1778
54,1789
55,1800
56,1822
57,1862
58,1873
59,1909
60,1921
61,1926
62,1935
63,1964
64,1991
65,2011
66,2031
67,2052
68,2061
69,2071
70,2095
71,2115
72,2119
73,2133
74,2156
75,2165
76,2166
77,2181
78,2186
79,2200
80,2215
81,2216
82,2230
83,2235
84,2247
85,2253
86,2256
87,2267
88,2268
89,2271
90,2273
91,2277
92,2278
93,2281
94,2284
95,2287
96,2288
97,2289
1,64
2,147
3,197
4,277
5,283
6,314
7,334
8,367
9,443
10,521
11,546
12,576
13,580
14,583
15,599
16,680
17,716
18,722
19,795
20,797
21,821
22,822
23,861
24,921
25,958
26,1029
27,1044
28,1059
29,1061
30,1062
31,1102
32,1130
33,1175
34,1186
35,1187
36,1205
37,1248
38,1279
39,1298
40,1322
41,1329
42,1353
43,1383
44,1397
45,1422
46,1474
47,1517
48,1529
49,1578
50,1602
51,1637
52,1659
53,1687
54,1725
55,1734
56,1768
57,1793
58,1818
59,1843
60,1868
61,1874
62,1876
63,1905
64,1919
65,1923
66,1949
67,1962
68,1981
69,2004
70,2022
71,2029
72,2038
73,2047
74,2059
75,2075
76,2086
77,2100
78,2113
79,2125
80,2134
81,2146
82,2151
83,2157
84,2160
85,2163
86,2168
87,2170
88,2176
89,2181
90,2188
91,2190
92,2193
93,2195
94,2196
95,2198
96,2199
97,2200
1,29
2,83
3,98
4,100
5,128
6,181
7,257
8,340
9,410
10,490
11,505
12,548
13,568
14,592
15,660
16,723
17,724
18,726
19,734
20,749
21,754
22,824
23,838
24,866
25,903
26,910
27,953
28,986
29,1007
30,1033
31,1041
32,1066
33,1131
34,1169
35,1173
36,1196
37,1227
38,1246
39,1304
40,1311
41,1357
42,1386
43,1422
44,1465
45,1501
46,1509
47,1555
48,1579
49,1600
50,1620
51,1637
52,1645
53,1682
54,1725
55,1760
56,1778
57,1798
58,1810
59,1824
60,1842
61,1857
62,1882
63,1892
64,1905
65,1907
66,1936
67,1940
68,1951
69,1965
70,1968
71,1972
72,1983
73,2000
74,2005
75,2009
76,2014
77,2017
78,2036
79,2051
80,2067
81,2077
82,2082
83,2092
84,2104
85,2111
86,2115
87,2125
88,2133
89,2136
90,2142
91,2148
92,2154
93,2156
94,2160
95,2161
96,2163
97,2164
1,56
2,96
3,164
4,183
5,193
6,239
7,260
8,349
9,425
10,439
11,444
12,519
13,532
14,591
15,618
16,684
17,685
18,710
19,720
20,783
21,846
22,912
23,949
24,972
25,976
26,1012
27,1015
28,1018
29,1070
30,1086
31,1094
32,1100
33,1152
34,1172
35,1227
36,1254
37,1293
38,1314
39,1373
40,1397
41,1444
42,1448
43,1477
44,1491
45,1530
46,1566
47,1569
48,1607
49,1622
50,1624
51,1649
52,1694
53,1736
54,1752
55,1790
56,1823
57,1850
58,1855
59,1872
60,1910
61,1931
62,1935
63,1959
64,1965
65,1992
66,2009
67,2011
68,2018
69,2038
70,2056
71,2081
72,2107
73,2119
74,2134
75,2155
76,2158
77,2160
78,2165
79,2176
80,2188
81,2203
82,2207
83,2209
84,2222
85,2225
86,2226
87,2230
88,2236
89,2238
90,2242
91,2249
92,2251
93,2252
94,2256
95,2257
96,2258
97,2259
1,86
2,109
3,152
4,209
5,248
6,326
7,336
8,348
9,375
10,424
11,459
12,498
13,524
14,589
15,671
16,739
17,746
18,766
19,793
20,852
21,888
22,915
23,960
24,1000
25,1009
26,1056
27,1081
28,1123
29,1142
30,1157
31,1210
32,1243
33,1259
34,1293
35,1319
36,1354
37,1381
38,1385
39,1396
40,1447
41,1461
42,1492
43,1517
44,1563
45,1567
46,1579
47,1588
48,1626
49,1650
50,1684
51,1730
52,1774
53,1784
54,1824
55,1843
56,1863
57,1894
58,1931
59,1960
60,1996
61,2029
62,2061
63,2068
64,2077
65,2087
66,2104
67,2124
68,2149
69,2170
70,2188
71,2206
72,2221
73,2235
74,2258
75,2277
76,2285
77,2290
78,2298
79,2301
80,2309
81,2325
82,2328
83,2331
84,2341
85,2350
86,2359
87,2360
88,2361
89,2362
90,2368
91,2370
92,2371
93,2374
94,2377
95,2379
96,2380
97,2381
1,84
2,140
3,229
4,239
5,317
6,383
7,386
8,472
9,510
10,589
11,597
12,636
13,652
14,702
15,751
16,808
17,843
18,883
19,885
20,896
21,910
22,967
23,992
24,1060
25,1123
26,1151
27,1186
28,1235
29,1244
30,1277
31,1297
32,1342
33,1391
34,1450
35,1474
36,1534
37,1592
38,1652
39,1693
40,1705
41,1727
42,1753
43,1758
44,1785
45,1807
46,1828
47,1830
48,1832
49,1855
50,1858
51,1900
52,1921
53,1924
54,1946
55,1972
56,1989
57,1997
58,2030
59,2056
60,2071
61,2077
62,2101
63,2118
64,2138
65,2162
66,2168
67,2189
68,2198
69,2222
70,2228
71,2242
72,2264
73,2286
74,2290
75,2308
76,2324
77,2341
78,2347
79,2358
80,2372
81,2375
82,2376
83,2383
84,2396
85,2397
86,2404
87,2410
88,2415
89,2417
90,2420
91,2426
92,2429
93,2430
94,2434
95,2435
96,2436
97,2437
1,89
2,100
3,114
4,188
5,256
6,259
7,335
8,346
9,383
10,470
11,514
12,525
13,539
14,589
15,656
16,665
17,737
18,797
19,869
20,892
21,925
22,992
23,1036
24,1037
25,1085
26,1122
27,1183
28,1226
29,1228
30,1260
31,1276
32,1307
33,1315
34,1352
35,1366
36,1411
37,1464
38,1510
39,1556
40,1571
41,1588
42,1605
43,1651
44,1663
45,1703
46,1717
47,1743
48,1744
49,1787
50,1806
51,1841
52,1859
53,1868
54,1906
55,1940
56,1960
57,1968
58,1996
59,2003
60,2009
61,2024
62,2030
63,2056
64,2058
65,2081
66,2091
67,2104
68,2114
69,2119
70,2135
71,2148
72,2163
73,2186
74,2206
75,2211
76,2218
77,2236
78,2251
79,2268
80,2286
81,2291
82,2299
83,2301
84,2302
85,2312
86,2319
87,2328
88,2332
89,2333
90,2340
91,2342
92,2345
93,2349
94,2353
95,2354
96,2356
97,2357
1,42
2,56
3,81
4,137
5,151
6,185
7,235
8,303
9,342
10,395
11,478
12,543
13,559
14,595
15,659
16,733
17,813
18,846
19,863
20,927
21,943
22,987
23,1022
24,1058
25,1131
26,1133
27,1192
28,1198
29,1226
30,1273
31,1278
32,1326
33,1380
34,1427
35,1463
36,1476
37,1477
38,1484
39,1499
40,1533
41,1534
42,1558
43,1567
44,1603
45,1606
46,1645
47,1669
48,1676
49,1716
50,1758
51,1786
52,1820
53,1838
54,1855
55,1866
56,1877
57,1892
58,1893
59,1932
60,1969
61,1984
62,2020
63,2027
64,2036
65,2047
66,2075
67,2082
68,2088
69,2099
70,2123
71,2129
72,2146
73,2153
74,2169
75,2183
76,2200
77,2216
78,2221
79,2224
80,2230
81,2244
82,2253
83,2257
84,2270
85,2278
86,2289
87,2296
88,2304
89,2305
90,2310
91,2316
92,2318
93,2321
94,2323
95,2326
96,2327
97,2328
1,1
2,67
3,96
4,174
5,208
6,242
7,279
8,347
9,400
10,471
11,522
12,604
13,665
14,682
15,700
16,716
17,792
18,814
19,821
20,834
21,849
22,925
23,952
24,990
25,1017
26,1040
27,1066
28,1099
29,1160
30,1168
31,1190
32,1251
33,1274
34,1314
35,1317
36,1353
37,1370
38,1379
39,1429
40,1430
41,1482
42,1537
43,1588
44,1642
45,1677
46,1689
47,1717
48,1750
49,1787
50,1810
51,1857
52,1875
53,1886
54,1916
55,1953
56,1975
57,1978
58,2014
59,2018
60,2051
61,2088
62,2112
63,2128
64,2151
65,2183
66,2206
67,2235
68,2239
69,2261
70,2279
71,2297
72,2311
73,2318
74,2323
75,2325
76,2334
77,2342
78,2361
79,2365
80,2374
81,2391
82,2402
83,2417
84,2427
85,2429
86,2437
87,2441
88,2451
89,2457
90,2458
91,2464
92,2468
93,2470
94,2474
95,2476
96,2477
97,2478
1,68
2,96
3,116
4,163
5,200
6,275
7,338
8,394
9,441
10,487
11,504
12,529
13,539
14,542
15,616
16,682
17,685
18,705
19,711
20,776
21,800
22,802
23,830
24,841
25,897
26,943
27,972
28,1023
29,1068
30,1112
31,1171
32,1196
33,1211
34,1214
35,1234
36,1237
37,1256
38,1257
39,1267
40,1309
41,1325
42,1330
43,1344
44,1359
45,1366
46,1412
47,1435
48,1474
49,1503
50,1506
51,1511
52,1529
53,1552
54,1577
55,1584
56,1605
57,1611
58,1618
59,1630
60,1632
61,1642
62,1650
63,1676
64,1680
65,1683
66,1699
67,1729
68,1744
69,1772
70,1774
71,1791
72,1799
73,1817
74,1821
75,1823
76,1843
77,1855
78,1864
79,1881
80,1883
81,1890
82,1904
83,1916
84,1924
85,1925
86,1930
87,1940
88,1950
89,1953
90,1961
91,1962
92,1968
93,1970
94,1972
95,1974
96,1976
97,1977
1,85
2,118
3,169
4,188
5,235
6,284
7,347
8,348
9,394
10,399
11,456
12,518
13,566
14,579
15,624
16,685
17,712
18,754
19,772
20,817
21,868
22,941
23,993
24,999
25,1055
26,1101
27,1143
28,1166
29,1176
30,1177
31,1232
32,1241
33,1244
34,1252
35,1310
36,1313
37,1344
38,1381
39,1404
40,1446
41,1453
42,1471
43,1502
44,1504
45,1533
46,1545
47,1576
48,1617
49,1665
50,1704
51,1707
52,1749
53,1755
54,1768
55,1780
56,1794
57,1834
58,1839
59,1851
60,1856
61,1881
62,1883
63,1908
64,1927
65,1934
66,1958
67,1961
68,1962
69,1990
70,2009
71,2035
72,2053
73,2072
74,2073
75,2086
76,2089
77,2094
78,2112
79,2115
80,2131
81,2145
82,2156
83,2160
84,2167
85,2178
86,2184
87,2187
88,2193
89,2196
90,2199
91,2201
92,2204
93,2209
94,2210
95,2212
96,2213
97,2214
1,36
2,96
3,186
4,271
5,274
6,356
7,361
8,434
9,500
10,581
11,637
12,701
13,770
14,821
15,885
16,948
17,1010
18,1077
19,1135
20,1190
21,1255
22,1284
23,1306
24,1338
25,1367
26,1371
27,1403
28,1425
29,1466
30,1525
31,1536
32,1571
33,1603
34,1631
35,1646
36,1701
37,1713
38,1760
39,1816
40,1835
41,1863
42,1887
43,1892
44,1905
45,1945
46,1952
47,1990
48,1992
49,2039
50,2085
51,2089
52,2124
53,2150
54,2172
55,2211
56,2239
57,2242
58,2269
59,2278
60,2280
61,2285
62,2290
63,2293
64,2307
65,2316
66,2328
67,2343
68,2364
69,2387
70,2391
71,2415
72,2426
73,2427
74,2450
75,2455
76,2459
77,2466
78,2485
79,2492
80,2497
81,2500
82,2511
83,2514
84,2527
85,2540
86,2544
87,2549
88,2557
89,2566
90,2569
91,2570
92,2571
93,2575
94,2577
95,2579
96,2581
97,2582
1,1
2,50
3,108
4,149
5,225
6,275
7,348
8,350
9,359
10,396
11,474
12,524
13,604
14,638
15,711
16,752
17,756
18,782
19,845
20,904
21,924
22,962
23,1032
24,1057
25,1076
26,1078
27,1094
28,1112
29,1123
30,1154
31,1218
32,1225
33,1227
34,1252
35,1313
36,1352
37,1402
38,1423
39,1448
40,1450
41,1469
42,1478
43,1487
44,1502
45,1544
46,1569
47,1575
48,1597
49,1605
50,1644
51,1657
52,1673
53,1703
54,1730
55,1735
56,1740
57,1779
58,1815
59,1840
60,1873
61,1900
62,1925
63,1931
64,1965
65,1980
66,1999
67,2012
68,2028
69,2047
70,2061
71,2085
72,2095
73,2101
74,2112
75,2121
76,2136
77,2153
78,2167
79,2178
80,2179
81,2180
82,2188
83,2190
84,2195
85,2206
86,2213
87,2218
88,2224
89,2225
90,2229
91,2236
92,2238
93,2239
94,2242
95,2243
96,2244
97,2245
1,74
2,109
3,173
4,198
5,291
6,375
7,430
8,483
9,561
10,599
11,623
12,684
13,701
14,753
15,795
16,840
17,908
18,929
19,970
20,974
21,976
22,1042
23,1095
24,1124
25,1169
26,1181
27,1223
28,1235
29,1283
30,1324
31,1365
32,1428
33,1491
34,1506
35,1508
36,1552
37,1581
38,1623
39,1629
40,1657
41,1703
42,1737
43,1753
44,1789
45,1817
46,1818
47,1863
48,1910
49,1927
50,1971
51,2001
52,2030
53,2074
54,2084
55,2104
56,2117
57,2156
58,2175
59,2189
60,2205
61,2206
62,2213
63,2237
64,2239
65,2263
66,2287
67,2304
68,2320
69,2348
70,2351
71,2372
72,2398
73,2409
74,2429
75,2440
76,2450
77,2453
78,2472
79,2490
80,2496
81,2508
82,2519
83,2526
84,2536
85,2539
86,2548
87,2555
88,2565
89,2568
90,2572
91,2578
92,2580
93,2585
94,2587
95,2589
96,2591
97,2592
1,50
2,134
3,143
4,159
5,221
6,284
7,296
8,377
9,401
10,433
11,476
12,486
13,526
14,582
15,642
16,671
17,750
18,782
19,803
20,847
21,848
22,900
23,902
24,925
25,938
26,956
27,1027
28,1069
29,1133
30,1195
31,1242
32,1289
33,1324
34,1383
35,1428
36,1437
37,1492
38,1533
39,1586
40,1601
41,1620
42,1667
43,1715
44,1741
45,1794
46,1828
47,1854
48,1897
49,1925
50,1941
51,1982
52,2017
53,2053
54,2086
55,2112
56,2137
57,2170
58,2187
59,2193
60,2209
61,2210
62,2239
63,2244
64,2254
65,2263
66,2265
67,2268
68,2297
69,2310
70,2319
71,2335
72,2350
73,2358
74,2366
75,2379
76,2398
77,2407
78,2426
79,2441
80,2443
81,2450
82,2452
83,2461
84,2469
85,2482
86,2486
87,2492
88,2495
89,2497
90,2501
91,2506
92,2507
93,2510
94,2512
95,2514
96,2515
97,2516
1,26
2,111
3,183
4,238
5,308
6,360
7,389
8,478
9,535
10,579
11,654
12,696
13,711
14,764
15,788
16,827
17,902
18,936
19,1014
20,1015
21,1050
22,1070
23,1130
24,1142
25,1198
26,1224
27,1281
28,1290
29,1328
30,1394
31,1406
32,1438
33,1467
34,1481
35,1533
36,1574
37,1632
38,1664
39,1687
40,1710
41,1720
42,1761
43,1767
44,1816
45,1860
46,1888
47,1934
48,1967
49,1983
50,1993
51,1999
52,2039
53,2042
54,2072
55,2082
56,2112
57,2130
58,2153
59,2185
60,2187
61,2196
62,2205
63,2210
64,2232
65,2239
66,2271
67,2291
68,2303
69,2330
70,2354
71,2379
72,2399
73,2404
74,2417
75,2422
76,2437
77,2442
78,2454
79,2458
80,2476
81,2484
82,2499
83,2510
84,2523
85,2524
86,2536
87,2543
88,2545
89,2551
90,2555
91,2560
92,2561
93,2565
94,2569
95,2570
96,2571
97,2572
1,76
2,82
3,172
4,214
5,291
6,377
7,393
8,426
9,437
10,505
11,507
12,561
13,627
14,636
15,638
16,640
17,655
18,678
19,751
20,768
21,777
22,792
23,839
24,842
25,907
26,931
27,981
28,983
29,1024
30,1085
31,1110
32,1157
33,1178
34,1185
35,1224
36,1267
37,1294
38,1341
39,1378
40,1432
41,1451
42,1495
43,1523
44,1549
45,1592
46,1595
47,1616
48,1647
49,1666
50,1689
51,1706
52,1714
53,1744
54,1775
55,1782
56,1820
57,1821
58,1835
59,1864
60,1896
61,1902
62,1926
63,1950
64,1976
65,1982
66,2011
67,2042
68,2050
69,2071
70,2091
71,2101
72,2127
73,2128
74,2152
75,2153
76,2173
77,2193
78,2200
79,2214
80,2232
81,2247
82,2254
83,2268
84,2277
85,2279
86,2280
87,2286
88,2289
89,2290
90,2295
91,2298
92,2301
93,2305
94,2307
95,2310
96,2312
97,2313
1,40
2,54
3,126
4,190
5,200
6,226
7,301
8,384
9,426
10,497
11,573
12,654
13,731
14,789
15,841
16,902
17,919
18,988
19,992
20,1028
21,1105
22,1135
23,1168
24,1189
25,1199
26,1208
27,1276
28,1280
29,1302
30,1369
31,1416
32,1458
33,1476
34,1522
35,1533
36,1565
37,1601
38,1642
39,1647
40,1669
41,1699
42,1718
43,1726
44,1739
45,1792
46,1839
47,1859
48,1888
49,1904
50,1934
51,1962
52,1987
53,1991
54,2006
55,2007
56,2045
57,2072
58,2101
59,2127
60,2149
61,2181
62,2205
63,2223
64,2228
65,2229
66,2256
67,2280
68,2301
69,2327
70,2337
71,2348
72,2365
73,2390
74,2400
75,2407
76,2414
77,2424
78,2438
79,2443
80,2445
81,2452
82,2466
83,2476
84,2487
85,2500
86,2503
87,2514
88,2516
89,2525
90,2529
91,2533
92,2536
93,2537
94,2541
95,2543
96,2544
97,2545
1,69
2,107
3,127
4,153
5,167
6,226
7,302
8,361
9,417
10,467
11,503
12,587
13,645
14,708
15,778
16,839
17,863
18,883
19,923
20,960
21,1008
22,1047
23,1055
24,1066
25,1136
26,1156
27,1161
28,1228
29,1272
30,1296
31,1338
32,1374
33,1434
34,1460
35,1482
36,1483
37,1542
38,1551
39,1598
40,1651
41,1683
42,1719
43,1746
44,1754
45,1769
46,1770
47,1792
48,1806
49,1851
50,1894
51,1919
52,1963
53,1966
54,1976
55,2010
56,2023
57,2057
58,2059
59,2079
60,2090
61,2119
62,2140
63,2143
64,2146
65,2178
66,2188
67,2199
68,2202
69,2227
70,2243
71,2244
72,2268
73,2278
74,2301
75,2313
76,2314
77,2335
78,2352
79,2364
80,2370
81,2373
82,2380
83,2383
84,2390
85,2398
86,2407
87,2408
88,2412
89,2414
90,2420
91,2421
92,2423
93,2424
94,2427
95,2429
96,2431
97,2432
1,93
2,166
3,235
4,317
5,343
6,397
7,452
8,541
9,613
10,640
11,672
12,740
13,786
14,845
15,927
16,942
17,995
18,1059
19,1098
20,1126
21,1139
22,1158
23,1166
24,1189
25,1245
26,1249
27,1254
28,1320
29,1368
30,1432
31,1450
32,1475
33,1518
34,1580
35,1592
36,1628
37,1637
38,1664
39,1687
40,1741
41,1780
42,1790
43,1802
44,1826
45,1863
46,1894
47,1923
48,1945
49,1967
50,1976
51,1995
52,2021
53,2029
54,2036
55,2067
56,2084
57,2105
58,2130
59,2164
60,2201
61,2232
62,2246
63,2249
64,2254
65,2257
66,2264
67,2268
68,2280
69,2281
70,2291
71,2313
72,2320
73,2336
74,2357
75,2358
76,2364
77,2366
78,2379
79,2394
80,2410
81,2417
82,2419
83,2431
84,2444
85,2447
86,2459
87,2461
88,2466
89,2467
90,2468
91,2471
92,2477
93,2478
94,2480
95,2481
96,2483
97,2484
1,94
2,140
3,223
4,240
5,280
6,354
7,391
8,433
9,475
10,482
11,513
12,547
13,583
14,603
15,669
16,740
17,749
18,808
19,884
20,930
21,967
22,1008
23,1070
24,1136
25,1188
26,1248
27,1281
28,1312
29,1366
30,1419
31,1432
32,1493
33,1529
34,1533
35,1573
36,1592
37,1634
38,1685
39,1707
40,1744
41,1798
42,1802
43,1829
44,1868
45,1876
46,1918
47,1933
48,1945
49,1982
50,2026
51,2033
52,2040
53,2080
54,2105
55,2121
56,2141
57,2161
58,2172
59,2198
60,2209
61,2221
62,2249
63,2274
64,2304
65,2328
66,2358
67,2388
68,2389
69,2395
70,2406
71,2426
72,2444
73,2460
74,2466
75,2487
76,2490
77,2496
78,2507
79,2524
80,2532
81,2549
82,2555
83,2558
84,2569
85,2571
86,2577
87,2584
88,2594
89,2595
90,2596
91,2600
92,2601
93,2606
94,2607
95,2609
96,2611
97,2612
1,31
2,59
3,154
4,159
5,172
6,237
7,292
8,323
9,396
10,451
11,489
12,543
13,550
14,580
15,662
16,686
17,705
18,762
19,788
20,866
21,882
22,914
23,941
24,969
25,980
26,1006
27,1009
28,1027
29,1046
30,1101
31,1158
32,1171
33,1224
34,1240
35,1295
36,1306
37,1337
38,1391
39,1394
40,1408
41,1461
42,1505
43,1548
44,1574
45,1579
46,1582
47,1587
48,1612
49,1640
50,1657
51,1689
52,1728
53,1757
54,1763
55,1785
56,1804
57,1843
58,1861
59,1864
60,1896
61,1911
62,1914
63,1924
64,1956
65,1982
66,1991
67,2014
68,2015
69,2035
70,2047
71,2053
72,2079
73,2099
74,2106
75,2108
76,2116
77,2129
78,2139
79,2154
80,2157
81,2167
82,2179
83,2194
84,2195
85,2204
86,2206
87,2215
88,2223
89,2232
90,2239
91,2245
92,2247
93,2252
94,2253
95,2254
96,2255
97,2256
1,66
2,151
3,206
4,218
5,263
6,349
7,398
8,483
9,571
10,598
11,659
12,706
13,742
14,757
15,783
16,831
17,894
18,965
19,974
20,980
21,1027
22,1041
23,1075
24,1103
25,1124
26,1193
27,1238
28,1263
29,1270
30,1292
31,1339
32,1367
33,1381
34,1442
35,1470
36,1476
37,1515
38,1555
39,1575
40,1584
41,1616
42,1660
43,1662
44,1668
45,1721
46,1761
47,1801
48,1809
49,1820
50,1849
51,1872
52,1873
53,1907
54,1920
55,1960
56,1983
57,2005
58,2031
59,2039
60,2042
61,2046
62,2073
63,2095
64,2102
65,2126
66,2143
67,2158
68,2183
69,2198
70,2206
71,2232
72,2242
73,2259
74,2271
75,2285
76,2298
77,2315
78,2326
79,2340
80,2352
81,2364
82,2378
83,2388
84,2397
85,2398
86,2408
87,2418
88,2426
89,2430
90,2437
91,2443
92,2445
93,2449
94,2453
95,2455
96,2457
97,2458
1,69
2,148
3,210
4,281
5,311
6,382
7,442
8,484
9,494
10,521
11,560
12,579
13,643
14,726
15,806
16,868
17,886
18,898
19,955
20,997
21,1049
22,1093
23,1099
24,1161
25,1227
26,1295
27,1325
28,1377
29,1378
30,1440
31,1475
32,1524
33,1541
34,1596
35,1613
36,1627
37,1680
38,1705
39,1718
40,1720
41,1770
42,1778
43,1782
44,1797
45,1798
46,1808
47,1817
48,1855
49,1880
50,1902
51,1914
52,1915
53,1926
54,1936
55,1942
56,1968
57,1974
58,2010
59,2023
60,2037
61,2069
62,2097
63,2119
64,2126
65,2138
66,2154
67,2165
68,2195
69,2220
70,2230
71,2251
72,2270
73,2295
74,2305
75,2325
76,2343
77,2358
78,2378
79,2392
80,2408
81,2423
82,2428
83,2431
84,2435
85,2440
86,2450
87,2460
88,2462
89,2464
90,2469
91,2473
92,2476
93,2480
94,2482
95,2484
96,2486
97,2487
1,68
2,70
3,74
4,164
5,194
6,224
7,286
8,305
9,332
10,360
11,385
12,407
13,446
14,484
15,528
16,559
17,579
18,643
19,670
20,735
21,806
22,858
23,862
24,922
25,951
26,977
27,994
28,1015
29,1021
30,1049
31,1111
32,1171
33,1184
34,1190
35,1253
36,1301
37,1345
38,1390
39,1419
40,1421
41,1426
42,1442
43,1481
44,1529
45,1559
46,1585
47,1612
48,1647
49,1663
50,1689
51,1713
52,1745
53,1755
54,1793
55,1827
56,1848
57,1878
58,1916
59,1924
60,1937
61,1944
62,1979
63,2011
64,2019
65,2029
66,2034
67,2039
68,2059
69,2074
70,2076
71,2086
72,2105
73,2128
74,2152
75,2153
76,2170
77,2185
78,2204
79,2213
80,2231
81,2247
82,2249
83,2258
84,2266
85,2276
86,2281
87,2288
88,2294
89,2295
90,2301
91,2306
92,2312
93,2315
94,2316
95,2319
96,2321
97,2322
1,10
2,104
3,196
4,212
5,256
6,265
7,275
8,288
9,367
10,407
11,425
12,461
13,485
14,564
15,643
16,658
17,730
18,807
19,811
20,860
21,892
22,955
23,1007
24,1073
25,1086
26,1099
27,1114
28,1140
29,1179
30,1197
31,1231
32,1238
33,1275
34,1335
35,1384
36,1388
37,1420
38,1448
39,1506
40,1553
41,1594
42,1621
43,1633
44,1654
45,1675
46,1719
47,1770
48,1809
49,1835
50,1868
51,1875
52,1888
53,1891
54,1928
55,1947
56,1968
57,2008
58,2009
59,2010
60,2025
61,2040
62,2075
63,2093
64,2111
65,2136
66,2146
67,2153
68,2179
69,2197
70,2213
71,2227
72,2250
73,2260
74,2282
75,2304
76,2315
77,2332
78,2340
79,2345
80,2362
81,2373
82,2380
83,2395
84,2404
85,2416
86,2424
87,2429
88,2434
89,2442
90,2444
91,2448
92,2451
93,2454
94,2456
95,2459
96,2461
97,2462
1,27
2,118
3,135
4,210
5,251
6,274
7,360
8,404
9,407
10,455
11,517
12,541
13,609
14,689
15,746
16,752
17,818
18,825
19,862
20,875
21,899
22,906
23,968
24,989
25,1009
26,1065
27,1097
28,1154
29,1200
30,1212
31,1279
32,1326
33,1367
34,1376
35,1431
36,1490
37,1519
38,1579
39,1594
40,1637
41,1656
42,1658
43,1659
44,1674
45,1697
46,1706
47,1725
48,1759
49,1771
50,1804
51,1837
52,1847
53,1884
54,1910
55,1944
56,1964
57,2001
58,2024
59,2036
60,2039
61,2076
62,2111
63,2126
64,2151
65,2170
66,2196
67,2215
68,2242
69,2252
70,2267
71,2277
72,2293
73,2313
74,2318
75,2329
76,2338
77,2349
78,2367
79,2377
80,2389
81,2391
82,2402
83,2410
84,2420
85,2421
86,2424
87,2428
88,2438
89,2444
90,2451
91,2458
92,2460
93,2463
94,2465
95,2467
96,2469
97,2470
1,53
2,142
3,165
4,186
5,195
6,241
7,295
8,341
9,361
10,400
11,412
12,468
13,514
14,566
15,603
16,683
17,715
18,749
19,772
20,804
21,805
22,824
23,899
24,921
25,964
26,967
27,1003
28,1042
29,1102
30,1142
31,1192
32,1228
33,1245
34,1295
35,1341
36,1399
37,1441
38,1466
39,1494
40,1534
41,1582
42,1597
43,1640
44,1694
45,1715
46,1764
47,1774
48,1781
49,1791
50,1794
51,1801
52,1845
53,1869
54,1883
55,1918
56,1928
57,1956
58,1958
59,1987
60,2013
61,2032
62,2040
63,2073
64,2080
65,2088
66,2091
67,2098
68,2110
69,2111
70,2116
71,2124
72,2135
73,2155
74,2175
75,2185
76,2207
77,2219
78,2226
79,2232
80,2233
81,2236
82,2240
83,2253
84,2256
85,2261
86,2263
87,2270
88,2275
89,2281
90,2289
91,2293
92,2296
93,2299
94,2300
95,2302
96,2303
97,2304
1,53
2,114
3,180
4,225
5,297
6,389
7,404
8,463
9,480
10,512
11,536
12,548
13,562
14,565
15,647
16,707
17,781
18,849
19,865
20,891
21,896
22,949
23,1005
24,1030
25,1047
26,1053
27,1063
28,1123
29,1152
30,1162
31,1225
32,1247
33,1302
34,1310
35,1369
36,1395
37,1407
38,1456
39,1476
40,1518
41,1522
42,1554
43,1595
44,1619
45,1647
46,1665
47,1701
48,1706
49,1728
50,1758
51,1795
52,1798
53,1841
54,1856
55,1881
56,1916
57,1944
58,1971
59,1987
60,2000
61,2011
62,2014
63,2017
64,2018
65,2033
66,2036
67,2048
68,2062
69,2071
70,2099
71,2105
72,2129
73,2142
74,2163
75,2172
76,2193
77,2211
78,2228
79,2234
80,2238
81,2253
82,2264
83,2273
84,2284
85,2289
86,2294
87,2301
88,2310
89,2314
90,2318
91,2322
92,2324
93,2328
94,2331
95,2332
96,2333
97,2334
1,33
2,35
3,53
4,63
5,68
6,127
7,136
8,226
9,233
10,286
11,339
12,375
13,426
14,501
15,583
16,599
17,672
18,741
19,808
20,845
21,883
22,940
23,975
24,991
25,1012
26,1023
27,1062
28,1112
29,1145
30,1147
31,1198
32,1210
33,1263
34,1272
35,1281
36,1331
37,1389
38,1391
39,1450
40,1455
41,1493
42,1500
43,1514
44,1523
45,1526
46,1572
47,1591
48,1604
49,1614
50,1650
51,1664
52,1693
53,1713
54,1744
55,1759
56,1765
57,1798
58,1824
59,1836
60,1853
61,1869
62,1889
63,1898
64,1913
65,1925
66,1928
67,1940
68,1965
69,1992
70,2002
71,2005
72,2031
73,2035
74,2036
75,2039
76,2044
77,2052
78,2053
79,2061
80,2072
81,2080
82,2081
83,2085
84,2094
85,2107
86,2117
87,2128
88,2133
89,2137
90,2140
91,2142
92,2147
93,2151
94,2155
95,2156
96,2158
97,2159
1,6
2,100
3,138
4,198
5,244
6,272
7,340
8,415
9,477
10,482
11,540
12,602
13,672
14,748
15,770
16,844
17,902
18,973
19,1013
20,1039
21,1098
22,1173
23,1177
24,1190
25,1246
26,1300
27,1370
28,1395
29,1428
30,1469
31,1485
32,1503
33,1505
34,1533
35,1535
36,1562
37,1570
38,1583
39,1594
40,1627
41,1659
42,1670
43,1682
44,1686
45,1724
46,1771
47,1822
48,1861
49,1891
50,1922
51,1960
52,1961
53,1974
54,2015
55,2029
56,2068
57,2080
58,2106
59,2116
60,2122
61,2125
62,2154
63,2184
64,2218
65,2233
66,2254
67,2264
68,2285
69,2287
70,2313
71,2319
72,2333
73,2334
74,2353
75,2371
76,2381
77,2397
78,2410
79,2415
80,2425
81,2438
82,2439
83,2447
84,2450
85,2457
86,2468
87,2474
88,2482
89,2490
90,2494
91,2497
92,2500
93,2503
94,2504
95,2506
96,2508
97,2509
1,53
2,106
3,127
4,167
5,257
6,324
7,369
8,370
9,439
10,447
11,523
12,538
13,607
14,652
15,671
16,674
17,752
18,771
19,773
20,813
21,843
22,881
23,921
24,978
25,982
26,1008
27,1051
28,1056
29,1097
30,1147
31,1152
32,1173
33,1210
34,1273
35,1332
36,1382
37,1437
38,1493
39,1516
40,1559
41,1595
42,1634
43,1642
44,1689
45,1736
46,1751
47,1770
48,1779
49,1788
50,1800
51,1837
52,1856
53,1885
54,1918
55,1953
56,1976
57,2005
58,2043
59,2071
60,2108
61,2134
62,2147
63,2166
64,2173
65,2193
66,2203
67,2221
68,2249
69,2270
70,2272
71,2285
72,2305
73,2321
74,2341
75,2344
76,2357
77,2360
78,2372
79,2387
80,2392
81,2396
82,2411
83,2420
84,2421
85,2434
86,2442
87,2449
88,2459
89,2463
90,2467
91,2469
92,2470
93,2471
94,2474
95,2476
96,2478
97,2479
1,46
2,85
3,145
4,194
5,218
6,241
7,314
8,372
9,433
10,446
11,482
12,554
13,632
14,636
15,684
16,733
17,807
18,863
19,930
20,972
21,993
22,1058
23,1121
24,1188
25,1207
26,1271
27,1273
28,1312
29,1315
30,1363
31,1404
32,1464
33,1511
34,1533
35,1591
36,1632
37,1691
38,1743
39,1773
40,1810
41,1811
42,1848
43,1853
44,1862
45,1881
46,1914
47,1953
48,1954
49,1986
50,1996
51,2018
52,2044
53,2054
54,2087
55,2116
56,2154
57,2194
58,2204
59,2238
60,2245
61,2269
62,2288
63,2305
64,2332
65,2351
66,2356
67,2374
68,2398
69,2402
70,2419
71,2441
72,2466
73,2482
74,2488
75,2494
76,2496
77,2515
78,2517
79,2526
80,2541
81,2544
82,2556
83,2561
84,2564
85,2569
86,2579
87,2589
88,2591
89,2597
90,2599
91,2605
92,2607
93,2612
94,2614
95,2616
96,2617
97,2618
1,15
2,58
3,98
4,109
5,134
6,200
7,276
8,331
9,378
10,387
11,449
12,531
13,535
14,609
15,615
16,618
17,688
18,735
19,737
20,764
21,779
22,789
23,797
24,862
25,900
26,926
27,928
28,951
29,970
30,1006
31,1014
32,1029
33,1054
34,1099
35,1133
36,1155
37,1204
38,1221
39,1248
40,1300
41,1341
42,1372
43,1392
44,1445
45,1467
46,1519
47,1569
48,1619
49,1638
50,1656
51,1688
52,1700
53,1706
54,1721
55,1745
56,1775
57,1777
58,1799
59,1820
60,1823
61,1847
62,1868
63,1871
64,1876
65,1896
66,1924
67,1930
68,1947
69,1969
70,1997
71,2024
72,2044
73,2063
74,2086
75,2102
76,2106
77,2113
78,2115
79,2126
80,2140
81,2143
82,2153
83,2163
84,2171
85,2178
86,2189
87,2199
88,2203
89,2210
90,2216
91,2222
92,2224
93,2228
94,2230
95,2231
96,2233
97,2234
1,95
2,188
3,221
4,237
5,330
6,401
7,440
8,513
9,551
10,636
11,687
12,706
13,763
14,790
15,870
16,922
17,974
18,1042
19,1121
20,1176
21,1242
22,1304
23,1327
24,1381
25,1452
26,1489
27,1521
28,1576
29,1630
30,1677
31,1686
32,1739
33,1793
34,1854
35,1916
36,1957
37,1975
38,2021
39,2056
40,2091
41,2118
42,2138
43,2175
44,2213
45,2236
46,2269
47,2285
48,2309
49,2337
50,2344
51,2383
52,2411
53,2424
54,2467
55,2476
56,2481
57,2520
58,2524
59,2555
60,2568
61,2586
62,2609
63,2619
64,2642
65,2651
66,2671
67,2680
68,2699
69,2711
70,2718
71,2743
72,2753
73,2771
74,2786
75,2809
76,2813
77,2822
78,2833
79,2849
80,2858
81,2859
82,2862
83,2865
84,2866
85,2868
86,2877
87,2885
88,2887
89,2894
90,2898
91,2902
92,2904
93,2905
94,2909
95,2912
96,2914
97,2915
1,21
2,76
3,127
4,145
5,147
6,226
7,232
8,258
9,306
10,370
11,371
12,380
13,430
14,447
15,480
16,550
17,563
18,615
19,693
20,756
21,813
22,870
23,914
24,939
25,987
26,1048
27,1072
28,1141
29,1189
30,1230
31,1236
32,1248
33,1294
34,1349
35,1398
36,1456
37,1486
38,1503
39,1518
40,1528
41,1547
42,1602
43,1656
44,1676
45,1677
46,1704
47,1755
48,1782
49,1797
50,1825
51,1869
52,1915
53,1959
54,1973
55,1978
56,2011
57,2019
58,2038
59,2072
60,2086
61,2107
62,2112
63,2125
64,2127
65,2160
66,2180
67,2195
68,2223
69,2231
70,2246
71,2254
72,2280
73,2289
74,2310
75,2320
76,2328
77,2348
78,2352
79,2367
80,2382
81,2389
82,2395
83,2397
84,2404
85,2411
86,2412
87,2419
88,2426
89,2430
90,2436
91,2442
92,2444
93,2446
94,2447
95,2450
96,2452
97,2453
1,45
2,100
3,165
4,206
5,208
6,283
7,312
8,356
9,434
10,447
11,502
12,524
13,530
14,577
15,592
16,613
17,684
18,748
19,795
20,844
21,866
22,885
23,914
24,943
25,1000
26,1039
27,1074
28,1110
29,1176
30,1215
31,1221
32,1285
33,1327
34,1337
35,1398
36,1433
37,1461
38,1475
39,1503
40,1504
41,1516
42,1538
43,1557
44,1596
45,1618
46,1661
47,1696
48,1724
49,1759
50,1790
51,1808
52,1810
53,1852
54,1887
55,1889
56,1926
57,1967
58,2003
59,2039
60,2073
61,2099
62,2111
63,2124
64,2137
65,2154
66,2163
67,2184
68,2190
69,2205
70,2210
71,2218
72,2219
73,2243
74,2255
75,2265
76,2285
77,2299
78,2309
79,2312
80,2313
81,2321
82,2330
83,2342
84,2344
85,2346
86,2348
87,2351
88,2358
89,2364
90,2370
91,2375
92,2381
93,2383
94,2387
95,2389
96,2390
97,2391
1,46
2,90
3,120
4,186
5,264
6,325
7,376
8,394
9,410
10,443
11,504
12,568
13,605
14,674
15,725
16,736
17,755
18,773
19,837
20,895
21,953
22,958
23,984
24,1034
25,1100
26,1168
27,1227
28,1254
29,1276
30,1324
31,1331
32,1389
33,1454
34,1497
35,1544
36,1570
37,1588
38,1591
39,1599
40,1648
41,1652
42,1692
43,1706
44,1736
45,1786
46,1818
47,1847
48,1876
49,1902
50,1907
51,1950
52,1953
53,1994
54,2037
55,2073
56,2074
57,2099
58,2106
59,2120
60,2129
61,2152
62,2163
63,2195
64,2208
65,2218
66,2238
67,2244
68,2245
69,2272
70,2287
71,2289
72,2306
73,2313
74,2336
75,2359
76,2370
77,2387
78,2390
79,2397
80,2404
81,2413
82,2428
83,2443
84,2455
85,2460
86,2462
87,2464
88,2466
89,2474
90,2480
91,2484
92,2485
93,2487
94,2491
95,2493
96,2495
97,2496
1,25
2,49
3,56
4,115
5,201
6,225
7,312
8,368
9,454
10,466
11,541
12,563
13,580
14,657
15,739
16,768
17,839
18,846
19,872
20,912
21,981
22,1052
23,1125
24,1158
25,1217
26,1227
27,1268
28,1307
29,1372
30,1405
31,1424
32,1466
33,1531
34,1564
35,1597
36,1643
37,1674
38,1718
39,1729
40,1786
41,1790
42,1825
43,1869
44,1882
45,1892
46,1893
47,1897
48,1916
49,1947
50,1983
51,2021
52,2051
53,2091
54,2099
55,2108
56,2123
57,2150
58,2168
59,2185
60,2220
61,2225
62,2242
63,2263
64,2290
65,2295
66,2296
67,2297
68,2303
69,2331
70,2358
71,2374
72,2378
73,2385
74,2387
75,2397
76,2410
77,2423
78,2436
79,2454
80,2455
81,2466
82,2467
83,2478
84,2485
85,2486
86,2489
87,2497
88,2501
89,2507
90,2515
91,2522
92,2528
93,2533
94,2534
95,2537
96,2538
97,2539
1,51
2,76
3,141
4,162
5,192
6,220
7,251
8,281
9,317
10,319
11,393
12,456
13,509
14,524
15,582
16,656
17,658
18,733
19,743
20,758
21,834
22,868
23,919
24,923
25,945
26,993
27,1018
28,1079
29,1110
30,1167
31,1217
32,1229
33,1294
34,1311
35,1331
36,1348
37,1398
38,1406
39,1413
40,1425
41,1469
42,1473
43,1518
44,1536
45,1566
46,1577
47,1617
48,1630
49,1679
50,1698
51,1740
52,1754
53,1763
54,1793
55,1813
56,1834
57,1847
58,1876
59,1889
60,1921
61,1925
62,1940
63,1975
64,2000
65,2021
66,2026
67,2036
68,2058
69,2085
70,2110
71,2133
72,2139
73,2153
74,2162
75,2166
76,2180
77,2186
78,2204
79,2221
80,2230
81,2232
82,2239
83,2242
84,2250
85,2256
86,2257
87,2264
88,2269
89,2277
90,2284
91,2285
92,2288
93,2292
94,2294
95,2297
96,2298
97,2299
1,11
2,23
3,101
4,148
5,190
6,278
7,307
8,311
9,329
10,402
11,475
12,560
13,574
14,610
15,679
16,727
17,802
18,837
19,891
20,950
21,1018
22,1060
23,1124
24,1146
25,1205
26,1211
27,1249
28,1275
29,1298
30,1330
31,1353
32,1370
33,1417
34,1468
35,1493
36,1533
37,1593
38,1595
39,1654
40,1667
41,1720
42,1742
43,1761
44,1796
45,1803
46,1841
47,1867
48,1882
49,1927
50,1964
51,2001
52,2034
53,2072
54,2079
55,2092
56,2127
57,2129
58,2138
59,2159
60,2186
61,2210
62,2211
63,2220
64,2245
65,2254
66,2286
67,2292
68,2305
69,2334
70,2351
71,2359
72,2382
73,2397
74,2417
75,2433
76,2438
77,2442
78,2443
79,2453
80,2470
81,2487
82,2489
83,2498
84,2504
85,2512
86,2516
87,2526
88,2531
89,2536
90,2541
91,2546
92,2551
93,2556
94,2560
95,2563
96,2564
97,2565
1,19
2,113
3,124
4,126
5,207
6,240
7,301
8,316
9,340
10,387
11,435
12,518
13,536
14,582
15,645
16,719
17,721
18,770
19,817
20,853
21,899
22,923
23,989
24,1045
25,1093
26,1128
27,1193
28,1200
29,1251
30,1278
31,1284
32,1340
33,1343
34,1374
35,1430
36,1447
37,1488
38,1537
39,1545
40,1586
41,1638
42,1677
43,1687
44,1730
45,1739
46,1776
47,1780
48,1787
49,1832
50,1848
51,1861
52,1897
53,1934
54,1954
55,1984
56,2018
57,2041
58,2075
59,2102
60,2115
61,2122
62,2146
63,2173
64,2194
65,2211
66,2238
67,2241
68,2268
69,2282
70,2301
71,2319
72,2327
73,2334
74,2343
75,2363
76,2372
77,2383
78,2393
79,2404
80,2417
81,2431
82,2435
83,2448
84,2454
85,2460
86,2469
87,2475
88,2479
89,2480
90,2481
91,2487
92,2491
93,2495
94,2497
95,2500
96,2502
97,2503
1,71
2,129
3,144
4,177
5,236
6,325
7,375
8,422
9,448
10,491
11,506
12,564
13,612
14,673
15,684
16,755
17,833
18,887
19,963
20,975
21,1027
22,1032
23,1065
24,1119
25,1121
26,1189
27,1226
28,1233
29,1272
30,1339
31,1378
32,1428
33,1445
34,1448
35,1460
36,1482
37,1521
38,1569
39,1605
40,1606
41,1609
42,1664
43,1680
44,1724
45,1753
46,1777
47,1796
48,1801
49,1826
50,1874
51,1915
52,1947
53,1974
54,1989
55,2000
56,2017
57,2030
58,2037
59,2047
60,2051
61,2077
62,2101
63,2118
64,2151
65,2174
66,2204
67,2227
68,2233
69,2246
70,2256
71,2265
72,2281
73,2287
74,2305
75,2322
76,2343
77,2363
78,2370
79,2384
80,2397
81,2409
82,2423
83,2424
84,2438
85,2447
86,2455
87,2457
88,2461
89,2466
90,2473
91,2478
92,2480
93,2482
94,2485
95,2486
96,2488
97,2489
1,8
2,13
3,60
4,107
5,178
6,270
7,284
8,343
9,363
10,420
11,480
12,496
13,513
14,556
15,587
16,669
17,742
18,748
19,813
20,859
21,892
22,940
23,950
24,1006
25,1043
26,1083
27,1126
28,1180
29,1227
30,1280
31,1300
32,1305
33,1332
34,1333
35,1386
36,1417
37,1478
38,1479
39,1485
40,1518
41,1555
42,1577
43,1596
44,1619
45,1661
46,1686
47,1705
48,1719
49,1748
50,1791
51,1833
52,1851
53,1884
54,1889
55,1890
56,1908
57,1940
58,1962
59,1994
60,2004
61,2031
62,2043
63,2053
64,2075
65,2102
66,2110
67,2123
68,2125
69,2126
70,2143
71,2168
72,2179
73,2203
74,2213
75,2223
76,2233
77,2237
78,2253
79,2254
80,2267
81,2282
82,2297
83,2307
84,2311
85,2317
86,2322
87,2329
88,2339
89,2340
90,2344
91,2351
92,2356
93,2361
94,2365
95,2366
96,2367
97,2368
1,91
2,175
3,245
4,325
5,363
6,370
7,407
8,451
9,496
10,556
11,601
12,658
13,727
14,801
15,858
16,920
17,947
18,981
19,1059
20,1080
21,1155
22,1193
23,1257
24,1276
25,1307
26,1331
27,1393
28,1452
29,1493
30,1546
31,1570
32,1629
33,1678
34,1683
35,1727
36,1784
37,1832
38,1837
39,1865
40,1911
41,1962
42,1990
43,2020
44,2027
45,2077
46,2078
47,2129
48,2145
49,2149
50,2183
51,2230
52,2265
53,2267
54,2310
55,2338
56,2367
57,2408
58,2444
59,2460
60,2488
61,2518
62,2547
63,2579
64,2611
65,2621
66,2636
67,2649
68,2663
69,2677
70,2678
71,2691
72,2707
73,2708
74,2732
75,2753
76,2762
77,2776
78,2793
79,2795
80,2802
81,2809
82,2818
83,2830
84,2842
85,2843
86,2853
87,2862
88,2872
89,2877
90,2883
91,2887
92,2890
93,2893
94,2895
95,2897
96,2898
97,2899
1,77
2,146
3,156
4,234
5,322
6,365
7,434
8,486
9,496
10,551
11,606
12,671
13,710
14,728
15,782
16,859
17,864
18,884
19,939
20,982
21,1013
22,1086
23,1134
24,1183
25,1222
26,1246
27,1267
28,1285
29,1352
30,1420
31,1432
32,1473
33,1475
34,1496
35,1511
36,1544
37,1578
38,1612
39,1622
40,1656
41,1709
42,1712
43,1742
44,1780
45,1802
46,1813
47,1835
48,1854
49,1869
50,1892
51,1910
52,1956
53,1970
54,2005
55,2007
56,2038
57,2073
58,2111
59,2118
60,2154
61,2156
62,2166
63,2191
64,2217
65,2233
66,2243
67,2266
68,2272
69,2295
70,2309
71,2334
72,2340
73,2361
74,2367
75,2372
76,2390
77,2408
78,2417
79,2435
80,2452
81,2460
82,2467
83,2475
84,2476
85,2488
86,2498
87,2500
88,2504
89,2506
90,2511
91,2517
92,2522
93,2524
94,2526
95,2527
96,2528
97,2529
1,89
2,159
3,177
4,258
5,341
6,384
7,471
8,493
9,523
10,569
11,585
12,595
13,622
14,704
15,748
16,752
17,782
18,823
19,833
20,860
21,901
22,920
23,968
24,1033
25,1054
26,1096
27,1167
28,1187
29,1255
30,1315
31,1318
32,1322
33,1333
34,1343
35,1380
36,1434
37,1483
38,1519
39,1565
40,1568
41,1583
42,1621
43,1626
44,1644
45,1693
46,1739
47,1764
48,1813
49,1840
50,1868
51,1873
52,1882
53,1904
54,1945
55,1974
56,2007
57,2026
58,2028
59,2046
60,2064
61,2071
62,2095
63,2113
64,2117
65,2139
66,2144
67,2166
68,2168
69,2174
70,2198
71,2201
72,2224
73,2249
74,2264
75,2273
76,2292
77,2300
78,2317
79,2319
80,2335
81,2344
82,2347
83,2349
84,2360
85,2369
86,2373
87,2375
88,2380
89,2383
90,2384
91,2388
92,2390
93,2391
94,2394
95,2397
96,2399
97,2400
1,28
2,122
3,132
4,217
5,234
